trace_id,pid,subject,level,n_sentences,base_correct,screen_pass_rate,index,position,text,n_chars,kl_resampling,kl_counterfactual,kl_null,kl_corrected,tv,tv_null,tv_corrected,delta_acc,abs_delta_acc,entropy_before,entropy_after,kl_similar,p_correct_before,p_correct_after,n_dissimilar,n_similar,filler_kl,filler_tv,filler_p_correct,label_Qwen3-8B
test/prealgebra/1761.json#0,test/prealgebra/1761.json,MATH,3,68,True,0.75,0,0.0147058823529411,"Alright, so Remmy has this math problem here: he wants to divide 10 by 2/3, but he can't remember how to do that.",113,0.0,,0.0156972095092016,0.0,0.0,0.0333854166666666,0.0,0.0,0.0,0.2337916587064593,0.2337916587064593,0.0,0.9375,0.9375,0,64,0.0385529347999573,0.09375,0.84375,problem_setup
test/prealgebra/1761.json#0,test/prealgebra/1761.json,MATH,3,68,True,0.75,1,0.0294117647058823,"Hmm, division with fractions can be tricky, especially when you're trying to remember the exact steps.",102,0.0104213368288177,0.0798512118300245,0.0132396625769137,0.0,0.0307692307692307,0.02734375,0.0034254807692307,0.03125,0.03125,0.2337916587064593,0.1390607984547411,0.0094757948857134,0.9375,0.96875,32,32,0.0280965043640074,0.03125,0.9375,uncertainty_management
test/prealgebra/1761.json#0,test/prealgebra/1761.json,MATH,3,68,True,0.75,2,0.0441176470588235,Let me think about this.,24,0.0086651202975724,0.0079276758492585,0.0153113017051395,0.0,0.0307692307692307,0.0300520833333333,0.0007171474358974,-0.03125,0.03125,0.1390607984547411,0.2337916587064593,0.0542770240359569,0.96875,0.9375,62,2,0.0086651202975724,0.03125,0.9375,uncertainty_management
test/prealgebra/1761.json#0,test/prealgebra/1761.json,MATH,3,68,True,0.75,3,0.0588235294117647,"First off, dividing by a fraction.",34,0.0,0.0326003524002482,0.0158773508732371,0.0,0.0,0.030625,0.0,0.0,0.0,0.2337916587064593,0.2337916587064593,0.0277866958163555,0.9375,0.9375,32,32,0.0058314375811487,0.03125,0.90625,problem_setup
test/prealgebra/1761.json#0,test/prealgebra/1761.json,MATH,3,68,True,0.75,8,0.1323529411764706,"So, in this case, Remmy is trying to divide 10 by 2/3.",54,0.0187477942806176,0.0187477942806176,0.024914283803885,0.0,0.0305343511450381,0.0354166666666666,0.0,-0.03125,0.03125,0.1390607984547411,0.2771133574914559,,0.96875,0.9375,64,0,,,,problem_setup
test/prealgebra/1761.json#0,test/prealgebra/1761.json,MATH,3,68,True,0.75,9,0.1470588235294117,That would be written as 10 ÷ (2/3).,36,0.0313884226396773,0.0034879926917762,0.0244738122143274,0.0069146104253498,0.0305343511450381,0.0353645833333333,0.0,0.03125,0.03125,0.2771133574914559,0.1390607984547411,0.0410485332028477,0.9375,0.96875,8,56,,,,problem_setup
test/prealgebra/1761.json#0,test/prealgebra/1761.json,MATH,3,68,True,0.75,10,0.1617647058823529,"According to what I remember, this is the same as 10 multiplied by the reciprocal of 2/3.",89,0.0268455237533149,0.0582346837080283,0.0149247391532871,0.0119207846000277,0.0615384615384615,0.0341145833333333,0.0274238782051282,-0.0625,0.0625,0.1390607984547411,0.3111291548118492,0.0049864877808675,0.96875,0.90625,30,34,0.0283901074513238,0.0625,0.90625,fact_retrieval
test/prealgebra/1761.json#0,test/prealgebra/1761.json,MATH,3,68,True,0.75,11,0.1764705882352941,"The reciprocal of a fraction is just flipping the numerator and the denominator, right?",87,0.036025322248653,0.060562054585006,0.0150751824587003,0.0209501397899527,0.0615384615384615,0.0334375,0.0281009615384615,0.0625,0.0625,0.3111291548118492,0.1390607984547411,0.0230370147581372,0.90625,0.96875,36,28,0.0065175282934452,0.03125,0.9375,fact_retrieval
test/prealgebra/1761.json#0,test/prealgebra/1761.json,MATH,3,68,True,0.75,12,0.1911764705882352,"So, the reciprocal of 2/3 is 3/2.",33,0.0,,0.0139592412709433,0.0,0.0,0.023125,0.0,0.0,0.0,0.1390607984547411,0.1390607984547411,0.0,0.96875,0.96875,0,64,0.0,0.0,0.96875,fact_retrieval
test/prealgebra/1761.json#0,test/prealgebra/1761.json,MATH,3,68,True,0.75,13,0.2058823529411764,"Therefore, instead of dividing 10 by 2/3, Remmy can multiply 10 by 3/2.",71,0.0316142783057624,0.0,0.010967672178054,0.0206466061277084,0.0307692307692307,0.01640625,0.0143629807692307,0.03125,0.03125,0.1390607984547411,-0.0,0.221248007615665,0.96875,1.0,44,20,,,,plan_generation
test/prealgebra/1761.json#0,test/prealgebra/1761.json,MATH,3,68,True,0.75,14,0.2205882352941176,Let me write that down: 10 × (3/2).,35,0.0188760779863443,0.0055591163709132,0.0103740305745259,0.0085020474118183,0.0307692307692307,0.0161458333333333,0.0146233974358974,-0.03125,0.03125,-0.0,0.1390607984547411,0.012614360441903,1.0,0.96875,24,40,,,,active_computation
test/prealgebra/1761.json#0,test/prealgebra/1761.json,MATH,3,68,True,0.75,15,0.2352941176470588,"Okay, so what does that equal?",30,0.0491431423644,0.054335366636436,0.0214236633684442,0.0277194789959557,0.0305343511450381,0.0279166666666666,0.0026176844783715,0.0,0.0,0.1390607984547411,0.1390607984547411,0.0118217743857497,0.96875,0.96875,58,6,0.0187477942806176,0.03125,0.9375,plan_generation
test/prealgebra/1761.json#0,test/prealgebra/1761.json,MATH,3,68,True,0.75,16,0.25,Let's compute 10 multiplied by 3/2.,35,0.0756898011299946,0.0756898011299946,0.025944505432867,0.0497452956971276,0.0610687022900763,0.0372395833333333,0.023829118956743,-0.03125,0.03125,0.1390607984547411,0.2337916587064593,,0.96875,0.9375,64,0,,,,active_computation
test/prealgebra/1761.json#0,test/prealgebra/1761.json,MATH,3,68,True,0.75,21,0.3235294117647059,"So, the result of 10 divided by 2/3 is 15.",42,0.0925259714266871,0.4527494610020723,0.0139489792340453,0.0785769921926417,0.0615384615384615,0.0231770833333333,0.0383613782051282,0.0625,0.0625,0.2337916587064593,-0.0,0.0468624216511456,0.9375,1.0,12,52,,,,final_answer
test/prealgebra/1761.json#0,test/prealgebra/1761.json,MATH,3,68,True,0.75,22,0.3382352941176471,"Therefore, Remmy needs to multiply 10 by 3/2, which is 1.5, to get the answer.",78,0.0188760779863443,,0.0101757825020249,0.0087002954843193,0.0307692307692307,0.0158333333333333,0.0149358974358974,-0.03125,0.03125,-0.0,0.1390607984547411,0.0188760779863443,1.0,0.96875,0,64,,,,plan_generation
test/prealgebra/1761.json#0,test/prealgebra/1761.json,MATH,3,68,True,0.75,23,0.3529411764705882,"Wait a second, let me verify that.",34,0.0491431423644,0.0491431423644,0.0208740086856635,0.0282691336787364,0.0305343511450381,0.0286979166666666,0.0018364344783715,0.0,0.0,0.1390607984547411,0.1390607984547411,,0.96875,0.96875,64,0,,,,self_checking
test/prealgebra/1761.json#0,test/prealgebra/1761.json,MATH,3,68,True,0.75,24,0.3676470588235294,"If I take 10 and divide it by 2/3, does it really equal 15?",59,0.0187477942806176,0.0072568944969388,0.0251364337951086,0.0,0.0305343511450381,0.0346875,0.0,-0.03125,0.03125,0.1390607984547411,0.2771133574914559,0.0167963058438597,0.96875,0.9375,20,44,0.0491431423644,0.03125,0.96875,self_checking
test/prealgebra/1761.json#0,test/prealgebra/1761.json,MATH,3,68,True,0.75,32,0.4852941176470588,Another way to think about it is using the concept of fractions.,64,0.0316142783057624,0.0316142783057624,0.0114804610902061,0.0201338172155563,0.0307692307692307,0.0169791666666666,0.0137900641025641,0.03125,0.03125,0.1390607984547411,-0.0,,0.96875,1.0,64,0,0.0,0.0,0.96875,plan_generation
test/prealgebra/1761.json#0,test/prealgebra/1761.json,MATH,3,68,True,0.75,33,0.5,"If I have 10 wholes, and I want to divide each whole into thirds, each third would be 1/3 of a whole.",101,0.0188760779863443,0.0012021106918859,0.0099500341500212,0.008926043836323,0.0307692307692307,0.0158854166666666,0.0148838141025641,-0.03125,0.03125,-0.0,0.1390607984547411,0.015129160397978,1.0,0.96875,16,48,,,,problem_setup
test/prealgebra/1761.json#0,test/prealgebra/1761.json,MATH,3,68,True,0.75,34,0.5147058823529411,"So, how many 2/3 pieces can I get from 10 wholes?",49,0.0,0.0094112618913061,0.0138087953855166,0.0,0.0,0.0244270833333333,0.0,0.0,0.0,0.1390607984547411,0.1390607984547411,0.0076190490109576,0.96875,0.96875,36,28,0.0316142783057624,0.03125,1.0,problem_setup
test/prealgebra/1761.json#0,test/prealgebra/1761.json,MATH,3,68,True,0.75,35,0.5294117647058824,"Each whole can be split into 3 thirds, so that's 3 pieces of 1/3 each.",70,0.0,0.0006258514795147,0.0149633000650914,0.0,0.0,0.0230729166666666,0.0,0.0,0.0,0.1390607984547411,0.1390607984547411,0.0006258514795147,0.96875,0.96875,10,54,0.0,0.0,0.96875,problem_setup
test/prealgebra/1761.json#0,test/prealgebra/1761.json,MATH,3,68,True,0.75,51,0.7647058823529411,"Alternatively, he can think of it as 10 multiplied by 1.5, which is the decimal equivalent of 3/2.",98,0.0,0.0,0.0,0.0,0.0,0.0,0.0,0.0,0.0,-0.0,-0.0,0.0,1.0,1.0,38,26,0.0,0.0,1.0,plan_generation
test/prealgebra/1761.json#0,test/prealgebra/1761.json,MATH,3,68,True,0.75,52,0.7794117647058824,"Either way, the result is the same.",35,0.0,0.0,0.0,0.0,0.0,0.0,0.0,0.0,0.0,-0.0,-0.0,0.0,1.0,1.0,40,24,,,,result_consolidation
test/prealgebra/1761.json#0,test/prealgebra/1761.json,MATH,3,68,True,0.75,53,0.7941176470588235,Let me recap the steps to make sure I didn't skip anything:,59,0.0,0.0,0.0,0.0,0.0,0.0,0.0,0.0,0.0,-0.0,-0.0,0.0,1.0,1.0,62,2,0.0,0.0,1.0,result_consolidation
test/prealgebra/1761.json#0,test/prealgebra/1761.json,MATH,3,68,True,0.75,54,0.8088235294117647,1. Understand that dividing by a fraction is the same as multiplying by its reciprocal.,87,0.0,0.0,0.0,0.0,0.0,0.0,0.0,0.0,0.0,-0.0,-0.0,,1.0,1.0,64,0,,,,fact_retrieval
test/prealgebra/1761.json#0,test/prealgebra/1761.json,MATH,3,68,True,0.75,57,0.8529411764705882,"4. Verify by checking if 2/3 multiplied by 15 equals 10, which it does.",71,0.0,0.0,0.0,0.0,0.0,0.0,0.0,0.0,0.0,-0.0,-0.0,0.0,1.0,1.0,20,44,,,,self_checking
test/prealgebra/1761.json#0,test/prealgebra/1761.json,MATH,3,68,True,0.75,58,0.8676470588235294,"Therefore, Remmy should multiply 10 by 3/2 or 1.5 to get the correct result of 15.",82,0.0,0.0,0.0,0.0,0.0,0.0,0.0,0.0,0.0,-0.0,-0.0,,1.0,1.0,64,0,0.0,0.0,1.0,final_answer
test/prealgebra/1761.json#0,test/prealgebra/1761.json,MATH,3,68,True,0.75,59,0.8823529411764706,I guess another way to look at it is using the concept of rates or ratios.,74,0.0,0.0,0.0,0.0,0.0,0.0,0.0,0.0,0.0,-0.0,-0.0,,1.0,1.0,64,0,0.0,0.0,1.0,plan_generation
test/prealgebra/1761.json#0,test/prealgebra/1761.json,MATH,3,68,True,0.75,60,0.8970588235294118,"If you have 10 divided by 2/3, it's like saying how much is 10 per 2/3.",71,0.0,0.0,0.0,0.0,0.0,0.0,0.0,0.0,0.0,-0.0,-0.0,0.0,1.0,1.0,50,14,,,,problem_setup
test/prealgebra/1761.json#0,test/prealgebra/1761.json,MATH,3,68,True,0.75,64,0.9558823529411764,"So, 10 ÷ (2/3) becomes 10 × (3/2) = 15.",39,0.0,,0.0,0.0,0.0,0.0,0.0,0.0,0.0,-0.0,-0.0,0.0,1.0,1.0,0,64,,,,active_computation
test/prealgebra/1761.json#0,test/prealgebra/1761.json,MATH,3,68,True,0.75,65,0.9705882352941176,"Yeah, I think that's solid.",27,0.0,0.0,0.0,0.0,0.0,0.0,0.0,0.0,0.0,-0.0,-0.0,,1.0,1.0,64,0,,,,self_checking
test/prealgebra/1761.json#0,test/prealgebra/1761.json,MATH,3,68,True,0.75,66,0.9852941176470588,"So, Remmy needs to multiply by 3/2, which is 1.5, to get 15.",60,0.1795079935958999,0.165214195152792,0.0157407287461135,0.1637672648497864,0.1846153846153846,0.0401041666666666,0.1445112179487179,-0.1875,0.1875,-0.0,0.482577565177012,0.1442366775241135,1.0,0.8125,40,24,,,,result_consolidation
test/prealgebra/1761.json#0,test/prealgebra/1761.json,MATH,3,68,True,0.75,67,1.0,"**Final Answer**
Remmy should multiply 10 by \boxed{\dfrac{3}{2}}.",66,0.4527494610020723,0.4527494610020723,0.0168890384339316,0.4358604225681407,0.1846153846153846,0.0431770833333333,0.1414383012820513,0.1875,0.1875,0.482577565177012,-0.0,,0.8125,1.0,64,0,,,,final_answer
test/intermediate_algebra/1388.json#0,test/intermediate_algebra/1388.json,MATH,5,170,False,0.0,0,0.0058823529411764,"Okay, so I have this functional equation: f(x) + f(y) = f(x + y) - xy - 1 for all real numbers x and y.",103,0.1332210502482564,0.1000903935207595,0.0279433986324671,0.1052776516157892,0.183206106870229,0.0668229166666666,0.1163831902035623,0.0,0.0,0.7226748037400726,0.4470620543337879,0.2065888022181294,0.0,0.0,34,30,0.0590237009653979,0.09375,0.0,problem_setup
test/intermediate_algebra/1388.json#0,test/intermediate_algebra/1388.json,MATH,5,170,False,0.0,1,0.0117647058823529,And I know that f(1) = 1.,25,0.0449255903921162,,0.0235028192234029,0.0214227711687132,0.0610687022900763,0.0513020833333333,0.0097666189567429,0.0,0.0,0.4470620543337879,0.4333988732907457,0.0449255903921162,0.0,0.0,0,64,0.0598736597906733,0.09375,0.0,fact_retrieval
test/intermediate_algebra/1388.json#0,test/intermediate_algebra/1388.json,MATH,5,170,False,0.0,2,0.0176470588235294,I need to find all integers n such that f(n) = n.,49,0.0493000366235627,,0.0162979520814461,0.0330020845421166,0.0923076923076923,0.0456770833333333,0.0466306089743589,0.0,0.0,0.4333988732907457,0.2337916587064593,0.0493000366235627,0.0,0.0,0,64,0.0215881912563148,0.03125,0.0,final_answer
test/intermediate_algebra/1388.json#0,test/intermediate_algebra/1388.json,MATH,5,170,False,0.0,3,0.0235294117647058,"Hmm, functional equations can sometimes be tricky, but maybe I can figure this out step by step.",96,0.2172685597690037,0.1502328437945863,0.0161211380741269,0.2011474216948768,0.2769230769230769,0.05984375,0.2170793269230769,0.0,0.0,0.2337916587064593,0.6434915530192904,0.2400418852028981,0.0,0.0,22,42,0.2172685597690037,0.28125,0.0,plan_generation
test/intermediate_algebra/1388.json#0,test/intermediate_algebra/1388.json,MATH,5,170,False,0.0,24,0.1470588235294117,"Then I can plug this into the functional equation and solve for a, b, c.",72,0.0487708458313363,0.2419565928871445,0.034355672523181,0.0144151733081553,0.0303030303030303,0.0638020833333333,0.0,0.0,0.0,0.5115867519685875,0.5115867519685875,0.0145239403347366,0.0,0.0,18,46,,,,plan_generation
test/intermediate_algebra/1388.json#0,test/intermediate_algebra/1388.json,MATH,5,170,False,0.0,25,0.1529411764705882,Let me try that.,16,0.0424898349936899,0.0753193090052916,0.0269248098183225,0.0155650251753674,0.0610687022900763,0.05796875,0.0030999522900763,0.0,0.0,0.5115867519685875,0.482577565177012,0.0319995794355431,0.0,0.0,40,24,0.0487708458313363,0.03125,0.0,plan_generation
test/intermediate_algebra/1388.json#0,test/intermediate_algebra/1388.json,MATH,5,170,False,0.0,26,0.1588235294117647,Assume f(x) = ax² + bx + c.,27,0.0148590601695677,0.0044811058174061,0.0155005146438992,0.0,0.0615384615384615,0.0509375,0.0106009615384615,0.0,0.0,0.482577565177012,0.3767701612564367,0.0563047122173117,0.0,0.0,24,40,,,,problem_setup
test/intermediate_algebra/1388.json#0,test/intermediate_algebra/1388.json,MATH,5,170,False,0.0,27,0.1647058823529411,Then f(x) + f(y) = ax² + bx + c + ay² + by + c = a(x² + y²) + b(x + y) + 2c.,76,0.0,0.1991855485894769,0.0160489210615014,0.0,0.0,0.0453645833333333,0.0,0.0,0.0,0.3767701612564367,0.3767701612564367,0.0352793040798528,0.0,0.0,16,48,0.023710006894636,0.0625,0.0,active_computation
test/intermediate_algebra/1388.json#0,test/intermediate_algebra/1388.json,MATH,5,170,False,0.0,36,0.2176470588235294,b x - b x = 0,13,0.0521134289083531,0.0098235058904824,0.0158864270705893,0.0362270018377638,0.123076923076923,0.05078125,0.072295673076923,0.0,0.0,0.3111291548118492,0.5253213195155949,0.0491549321438502,0.0,0.0,2,62,0.0065175282934452,0.03125,0.0,problem_setup
test/intermediate_algebra/1388.json#0,test/intermediate_algebra/1388.json,MATH,5,170,False,0.0,37,0.2235294117647059,"b y - b y = 0

2c - c = c",25,0.0647357883816694,,0.0161815671416491,0.0485542212400202,0.123076923076923,0.0525,0.070576923076923,0.0,0.0,0.5253213195155949,0.3111291548118492,0.0647357883816694,0.0,0.0,0,64,,,,problem_setup
test/intermediate_algebra/1388.json#0,test/intermediate_algebra/1388.json,MATH,5,170,False,0.0,38,0.2294117647058823,Then we have -2a xy + xy + 1 = 0,32,0.0044811058174061,0.0208303324939642,0.0150249469411833,0.0,0.0307692307692307,0.0426041666666666,0.0,0.0,0.0,0.3111291548118492,0.3767701612564367,0.0024930362890949,0.0,0.0,36,28,0.0755608402644415,0.15625,0.0,result_consolidation
test/intermediate_algebra/1388.json#0,test/intermediate_algebra/1388.json,MATH,5,170,False,0.0,39,0.2352941176470588,"So overall, we have:",20,0.0225270981654614,0.0225270981654614,0.0246987878649306,0.0,0.0305343511450381,0.05203125,0.0,0.0,0.0,0.3767701612564367,0.4470620543337879,,0.0,0.0,64,0,,,,result_consolidation
test/intermediate_algebra/1388.json#0,test/intermediate_algebra/1388.json,MATH,5,170,False,0.0,55,0.3294117647058823,f(x) = (1/2)x² + (3/2)x - 1,27,0.0277446373124445,0.0842256278458332,0.0154100412126527,0.0123345960997918,0.0923076923076923,0.0523958333333333,0.0399118589743589,0.0,0.0,0.3767701612564367,0.5253213195155949,0.0005256321746005,0.0,0.0,34,30,,,,problem_setup
test/intermediate_algebra/1388.json#0,test/intermediate_algebra/1388.json,MATH,5,170,False,0.0,56,0.3352941176470588,"Alternatively, I can write this as:",35,0.1556934676377249,0.1579324265923423,0.0301141748654074,0.1255792927723174,0.1526717557251908,0.0647916666666666,0.0878800890585242,0.0,0.0,0.5253213195155949,0.46341355882643,0.1163498911415265,0.0,0.0,54,10,,,,problem_setup
test/intermediate_algebra/1388.json#0,test/intermediate_algebra/1388.json,MATH,5,170,False,0.0,57,0.3411764705882353,f(x) = (x² + 3x - 2)/2,22,0.1933889868890523,,0.0303542964759851,0.1630346904130672,0.1832061068702289,0.0659895833333333,0.1172165235368956,0.0,0.0,0.46341355882643,0.5623351446188083,0.1933889868890523,0.0,0.0,0,64,,,,problem_setup
test/intermediate_algebra/1388.json#0,test/intermediate_algebra/1388.json,MATH,5,170,False,0.0,58,0.3470588235294117,"Hmm, let me check if this function satisfies the original functional equation.",78,0.0965962613200686,0.0128693925556556,0.0163664741182371,0.0802297872018314,0.1538461538461538,0.0549479166666666,0.0988982371794871,0.0,0.0,0.5623351446188083,0.3111291548118492,0.139719454184003,0.0,0.0,8,56,0.046958600308903,0.0625,0.0,self_checking
test/intermediate_algebra/1388.json#0,test/intermediate_algebra/1388.json,MATH,5,170,False,0.0,85,0.5058823529411764,The quadratic formula gives:,28,0.0086356665845219,0.007305450470957,0.0153697702716242,0.0,0.0615384615384615,0.0651041666666666,0.0,0.0,0.0,0.5941300227248385,0.6434915530192904,0.0107044940007937,0.0,0.0,56,8,0.0247615195870461,0.09375,0.0,fact_retrieval
test/intermediate_algebra/1388.json#0,test/intermediate_algebra/1388.json,MATH,5,170,False,0.0,86,0.5117647058823529,n = [-1 ± sqrt(1 + 8)] / 2 = [-1 ± 3]/2,39,0.0089454296486494,0.0005877543236437,0.0148364434527594,0.0,0.0615384615384615,0.0652604166666666,0.0,0.0,0.0,0.6434915530192904,0.5941300227248385,0.0712382108128401,0.0,0.0,38,26,0.05272502558331,0.09375,0.0,active_computation
test/intermediate_algebra/1388.json#0,test/intermediate_algebra/1388.json,MATH,5,170,False,0.0,87,0.5176470588235295,"So, two solutions:",18,0.0615315645667075,0.2830259808676948,0.0266574667106873,0.0348740978560201,0.1221374045801527,0.0693229166666666,0.052814487913486,0.0,0.0,0.5941300227248385,0.5670577918394442,0.0316113852989976,0.0,0.0,12,52,0.0086356665845219,0.0625,0.0,result_consolidation
test/intermediate_algebra/1388.json#0,test/intermediate_algebra/1388.json,MATH,5,170,False,0.0,88,0.5235294117647059,n = (-1 + 3)/2 = 2/2 = 1,24,0.0679066761395554,0.0679066761395554,0.0254591327191042,0.0424475434204511,0.1221374045801527,0.06765625,0.0544811545801527,0.0,0.0,0.5670577918394442,0.5941300227248385,,0.0,0.0,64,0,,,,active_computation
test/intermediate_algebra/1388.json#0,test/intermediate_algebra/1388.json,MATH,5,170,False,0.0,134,0.7941176470588235,"Hmm, maybe I need to adjust that.",33,0.0964613699786194,0.1128567679078736,0.0152419632224891,0.0812194067561302,0.2153846153846154,0.07046875,0.1449158653846154,0.0,0.0,0.6853142072764582,0.6434915530192904,0.0803201128856274,0.0,0.0,62,2,0.1285725194327344,0.25,0.0,uncertainty_management
test/intermediate_algebra/1388.json#0,test/intermediate_algebra/1388.json,MATH,5,170,False,0.0,135,0.8,"But in the system, I think I have to enter each integer in separate boxes.",74,0.2925397621129668,0.2925397621129668,0.0168624306435351,0.2756773314694316,0.3692307692307692,0.07265625,0.2965745192307693,0.0,0.0,0.6434915530192904,0.5941300227248385,,0.0,0.0,64,0,,,,self_checking
test/intermediate_algebra/1388.json#0,test/intermediate_algebra/1388.json,MATH,5,170,False,0.0,136,0.8058823529411765,"Wait, no, actually, looking back, the original problem says ""Enter all such integers, separated by commas.""",107,0.0086356665845219,0.0415866619890355,0.0144643430909515,0.0,0.0615384615384615,0.0640104166666666,0.0,0.0,0.0,0.5941300227248385,0.6434915530192904,0.0012797349578858,0.0,0.0,20,44,,,,problem_setup
test/intermediate_algebra/1388.json#0,test/intermediate_algebra/1388.json,MATH,5,170,False,0.0,137,0.8117647058823529,"So, perhaps I can write them both inside one box, separated by a comma.",71,0.0176831483936406,0.0099900081929585,0.0179851721776916,0.0,0.0923076923076923,0.0716145833333333,0.0206931089743589,0.0,0.0,0.6434915530192904,0.6853142072764582,0.2767328532471271,0.0,0.0,60,4,,,,plan_generation
test/intermediate_algebra/1388.json#0,test/intermediate_algebra/1388.json,MATH,5,170,False,0.0,148,0.8764705882352941,"So, I should write \boxed{-2, 1}.",33,0.0173386021927342,0.1120882941945353,0.0158999201019326,0.0014386820908015,0.0923076923076923,0.0709375,0.0213701923076923,0.0,0.0,0.6931471805599453,0.6754645824509031,0.0115825223932709,0.0,0.0,6,58,,,,final_answer
test/intermediate_algebra/1388.json#0,test/intermediate_algebra/1388.json,MATH,5,170,False,0.0,149,0.8823529411764706,"**Final Answer**
The integers are \boxed{-2} and \boxed{1}.",59,0.0019956014719624,0.0019956014719624,0.0143032346049423,0.0,0.0307692307692307,0.0639583333333333,0.0,0.0,0.0,0.6754645824509031,0.6615632381579821,,0.0,0.0,64,0,,,,final_answer
test/intermediate_algebra/1388.json#0,test/intermediate_algebra/1388.json,MATH,5,170,False,0.0,150,0.888235294117647,"Wait, but I just saw that the system might expect both in one box.",66,0.0019771784745068,0.0019771784745068,0.0152442454925307,0.0,0.0307692307692307,0.0689583333333333,0.0,0.0,0.0,0.6615632381579821,0.6754645824509031,,0.0,0.0,64,0,0.0,0.0,0.0,final_answer
test/intermediate_algebra/1388.json#0,test/intermediate_algebra/1388.json,MATH,5,170,False,0.0,151,0.8941176470588236,"Let me see the initial instructions: ""Enter all such integers, separated by commas.""",84,0.0076613326601665,0.0189688692429013,0.0185302471867149,0.0,0.0615384615384615,0.0771875,0.0,0.0,0.0,0.6754645824509031,0.6911927820032008,0.0297212728880653,0.0,0.0,54,10,,,,final_answer
test/intermediate_algebra/1388.json#0,test/intermediate_algebra/1388.json,MATH,5,170,False,0.0,166,0.9823529411764704,"**Final Answer**
\boxed{-2, 1}",30,0.1334647189909301,0.1334647189909301,0.0143869986559682,0.1190777203349618,0.1846153846153846,0.0524479166666666,0.1321674679487179,0.0,0.0,0.5941300227248385,0.3111291548118492,,0.0,0.0,64,0,,,,final_answer
test/intermediate_algebra/1388.json#0,test/intermediate_algebra/1388.json,MATH,5,170,False,0.0,167,0.9882352941176472,"**Final Answer**
\boxed{-2, 1}",30,0.2359974060406065,0.2359974060406065,0.016965802248172,0.2190316037924344,0.3076923076923077,0.0645833333333333,0.2431089743589743,0.0,0.0,0.3111291548118492,0.6754645824509031,,0.0,0.0,64,0,0.1633990972458174,0.25,0.0,final_answer
test/intermediate_algebra/1388.json#0,test/intermediate_algebra/1388.json,MATH,5,170,False,0.0,168,0.9941176470588236,"Alright, that seems right.",26,0.0,0.0,0.0165985241988321,0.0,0.0,0.0703645833333333,0.0,0.0,0.0,0.6754645824509031,0.6754645824509031,,0.0,0.0,64,0,,,,self_checking
test/intermediate_algebra/1388.json#0,test/intermediate_algebra/1388.json,MATH,5,170,False,0.0,169,1.0,"**Final Answer**
\boxed{-2, 1}",30,0.0019956014719624,0.0019956014719624,0.0153076160191305,0.0,0.0307692307692307,0.0679166666666666,0.0,0.0,0.0,0.6754645824509031,0.6615632381579821,,0.0,0.0,64,0,0.0081633091801138,0.0625,0.0,final_answer
test/algebra/661.json#0,test/algebra/661.json,MATH,3,117,True,0.625,0,0.0085470085470085,"Okay, so I need to figure out the fewest number of miles Suzanne can walk in February.",86,0.0311799694719978,0.0388606457127543,0.037322771772155,0.0,0.0606060606060605,0.0816666666666666,0.0,0.03125,0.03125,0.7731496325577546,0.8059138328361456,0.010707563604555,0.71875,0.75,38,26,0.089327839737824,0.15625,0.625,problem_setup
test/algebra/661.json#0,test/algebra/661.json,MATH,3,117,True,0.625,1,0.017094017094017,She walks four miles every third day.,37,0.2199082740243716,,0.0423855159452112,0.1775227580791603,0.3030303030303031,0.1005208333333333,0.2025094696969697,-0.28125,0.28125,0.8059138328361456,1.0511116843665764,0.2199082740243716,0.75,0.46875,0,64,0.0446784363464264,0.0625,0.71875,problem_setup
test/algebra/661.json#0,test/algebra/661.json,MATH,3,117,True,0.625,2,0.0256410256410256,"Hmm, let's break this down step by step.",40,0.0723287752426975,0.0795094923191914,0.0314458486910811,0.0408829265516164,0.1526717557251908,0.0955208333333333,0.0571509223918574,0.125,0.125,1.0511116843665764,0.9461401996818654,0.2015284738520228,0.46875,0.59375,36,28,0.0037211664330033,0.03125,0.46875,plan_generation
test/algebra/661.json#0,test/algebra/661.json,MATH,3,117,True,0.625,3,0.0341880341880341,"First, I should determine how many days are in February.",56,0.089110430888491,0.0055552788626691,0.0420294500662496,0.0470809808222413,0.1818181818181818,0.1068229166666666,0.0749952651515151,-0.15625,0.15625,0.9461401996818654,1.165922634426562,0.1265531676971561,0.59375,0.4375,12,52,0.1633204755173782,0.21875,0.53125,plan_generation
test/algebra/661.json#0,test/algebra/661.json,MATH,3,117,True,0.625,16,0.1452991452991453,"Since she can't walk a fraction of a time, I'll take the whole number, which is 9.",82,0.0801688620969102,0.0566454890945119,0.0326444663261346,0.0475243957707756,0.0916030534351144,0.0559375,0.0356655534351144,-0.0625,0.0625,0.3111291548118492,0.5385569462609421,0.0754773542096483,0.90625,0.84375,28,36,,,,result_consolidation
test/algebra/661.json#0,test/algebra/661.json,MATH,3,117,True,0.625,17,0.1538461538461538,"So, she walks 9 times in February.",34,0.0197319383725146,0.0699690592109639,0.0310321426302203,0.0,0.0610687022900763,0.0703125,0.0,-0.0625,0.0625,0.5385569462609421,0.674707467418823,0.0063237554358617,0.84375,0.78125,18,46,0.0044870929013419,0.03125,0.8125,result_consolidation
test/algebra/661.json#0,test/algebra/661.json,MATH,3,117,True,0.625,18,0.1623931623931624,"But wait, let me check that.",28,0.0430773974693665,0.0226951975519837,0.029519354960817,0.0135580425085495,0.0916030534351145,0.0646875,0.0269155534351145,0.09375,0.09375,0.674707467418823,0.4470620543337879,0.8268748786888958,0.78125,0.875,60,4,,,,self_checking
test/algebra/661.json#0,test/algebra/661.json,MATH,3,117,True,0.625,19,0.1709401709401709,"If I multiply 9 by 3, that gives me 27 days.",44,0.0044662671516825,0.0280916502009944,0.0301309731843917,0.0,0.0305343511450381,0.0613541666666666,0.0,-0.03125,0.03125,0.4470620543337879,0.5115867519685875,0.0093516007408319,0.875,0.84375,36,28,0.1704121193223657,0.21875,0.6875,active_computation
test/algebra/661.json#0,test/algebra/661.json,MATH,3,117,True,0.625,24,0.2136752136752136,Let me calculate that: 9 * 4 = 36 miles.,40,0.0792006446553232,0.0280916502009944,0.0326970163245861,0.046503628330737,0.0916030534351144,0.0616145833333333,0.0299884701017811,-0.03125,0.03125,0.4470620543337879,0.5115867519685875,0.0843411218801245,0.875,0.84375,6,58,0.1033857259969801,0.125,0.8125,active_computation
test/algebra/661.json#0,test/algebra/661.json,MATH,3,117,True,0.625,25,0.2222222222222222,"But hold on, is there a possibility that in a leap year, she might walk one more time? Let me see.",98,0.0,0.0,0.0295900042964005,0.0,0.0,0.0611458333333333,0.0,0.0,0.0,0.5115867519685875,0.5115867519685875,,0.84375,0.84375,64,0,,,,uncertainty_management
test/algebra/661.json#0,test/algebra/661.json,MATH,3,117,True,0.625,26,0.2307692307692307,"If February has 29 days, then 29 divided by 3 is approximately 9.666, which still gives 9 walks because the 30th day is outside February.",137,0.0460629909091813,,0.0280043444537746,0.0180586464554067,0.0610687022900763,0.0611979166666666,0.0,0.0,0.0,0.5115867519685875,0.538556946260942,0.0460629909091813,0.84375,0.84375,0,64,0.0123782782259462,0.03125,0.84375,self_checking
test/algebra/661.json#0,test/algebra/661.json,MATH,3,117,True,0.625,27,0.2393162393162393,"So, even in a leap year, she would still walk 9 times.",54,0.2771261115728612,0.2497933141780259,0.0400956733905683,0.2370304381822929,0.1515151515151515,0.0558854166666666,0.0956297348484848,0.125,0.125,0.538556946260942,0.1390607984547411,0.3250523164318087,0.84375,0.96875,18,46,,,,result_consolidation
test/algebra/661.json#0,test/algebra/661.json,MATH,3,117,True,0.625,37,0.3247863247863248,"Wait, maybe I misinterpreted the problem.",41,0.0187477942806176,0.0183374972745751,0.0245511677969211,0.0,0.0305343511450381,0.0344270833333333,0.0,-0.03125,0.03125,0.1390607984547411,0.2771133574914559,0.1934816040484947,0.96875,0.9375,62,2,,,,uncertainty_management
test/algebra/661.json#0,test/algebra/661.json,MATH,3,117,True,0.625,38,0.3333333333333333,The problem says she walks four miles every third day.,54,0.0086158517722639,0.0134320559631288,0.0290760782414877,0.0,0.0305343511450381,0.0446875,0.0,-0.03125,0.03125,0.2771133574914559,0.3708023580894878,0.0571905217793579,0.9375,0.90625,40,24,,,,fact_retrieval
test/algebra/661.json#0,test/algebra/661.json,MATH,3,117,True,0.625,39,0.3418803418803419,"So, does that mean every day that's a multiple of three, like day 3, 6, 9, etc., or does it mean starting on day 1, then every third day after that?",148,0.1251794642688421,0.1898619628954779,0.0253899155797916,0.0997895486890504,0.0916030534351144,0.0352083333333333,0.0563947201017811,0.09375,0.09375,0.3708023580894878,-0.0,0.0,0.90625,1.0,50,14,,,,uncertainty_management
test/algebra/661.json#0,test/algebra/661.json,MATH,3,117,True,0.625,40,0.3504273504273504,"I think it's the former: every third day, so days 3, 6, 9, etc. So, in 28 days, she walks on days 3, 6, 9, 12, 15, 18, 21, 24, 27.",130,0.0,0.0,0.0,0.0,0.0,0.0,0.0,0.0,0.0,-0.0,-0.0,,1.0,1.0,64,0,0.0188760779863443,0.03125,0.96875,problem_setup
test/algebra/661.json#0,test/algebra/661.json,MATH,3,117,True,0.625,57,0.4957264957264957,"So, if today is day 1, she doesn't walk today, but she walks on day 3, then day 6, etc.",87,0.0,0.0,0.0,0.0,0.0,0.0,0.0,0.0,0.0,-0.0,-0.0,0.0,1.0,1.0,42,22,0.0,0.0,1.0,problem_setup
test/algebra/661.json#0,test/algebra/661.json,MATH,3,117,True,0.625,58,0.5042735042735043,"So, in that case, in 28 days, she walks 9 times, totaling 36 miles.",67,0.0,0.0,0.0,0.0,0.0,0.0,0.0,0.0,0.0,-0.0,-0.0,0.0,1.0,1.0,36,28,0.0188760779863443,0.03125,0.96875,result_consolidation
test/algebra/661.json#0,test/algebra/661.json,MATH,3,117,True,0.625,59,0.5128205128205128,"But just to be thorough, let me consider both interpretations.",62,0.0384728546244877,0.0384728546244877,0.0224567449195438,0.0160161097049439,0.0610687022900763,0.0309375,0.0301312022900763,-0.0625,0.0625,-0.0,0.2771133574914559,,1.0,0.9375,64,0,0.0188760779863443,0.03125,0.96875,uncertainty_management
test/algebra/661.json#0,test/algebra/661.json,MATH,3,117,True,0.625,60,0.5213675213675214,First interpretation: every third day starting from day 3.,58,0.0637231619372851,0.0637231619372851,0.020978565278121,0.042744596659164,0.0610687022900763,0.02796875,0.0330999522900763,0.0625,0.0625,0.2771133574914559,-0.0,,0.9375,1.0,64,0,,,,plan_generation
test/algebra/661.json#0,test/algebra/661.json,MATH,3,117,True,0.625,91,0.7863247863247863,"So, in 29 days, she would still walk on day 27, same as in 28 days.",67,0.0188760779863443,0.0103286802764808,0.010004088084721,0.0088719899016232,0.0307692307692307,0.01609375,0.0146754807692307,-0.03125,0.03125,-0.0,0.1390607984547411,0.0085731271314185,1.0,0.96875,34,30,0.0188760779863443,0.03125,0.96875,result_consolidation
test/algebra/661.json#0,test/algebra/661.json,MATH,3,117,True,0.625,92,0.7948717948717948,"Wait, no. Let me clarify:",25,0.0316142783057624,0.0316142783057624,0.0100659108152629,0.0215483674904995,0.0307692307692307,0.0157291666666666,0.0150400641025641,0.03125,0.03125,0.1390607984547411,-0.0,,0.96875,1.0,64,0,,,,uncertainty_management
test/algebra/661.json#0,test/algebra/661.json,MATH,3,117,True,0.625,93,0.8034188034188035,"If it's 28 days, she walks on days 3,6,...,27.",46,0.0466276554103067,0.0256761109443197,0.0158820119015895,0.0307456435087172,0.0615384615384615,0.0247916666666666,0.0367467948717948,-0.0625,0.0625,-0.0,0.2337916587064593,0.0375727977985888,1.0,0.9375,24,40,,,,problem_setup
test/algebra/661.json#0,test/algebra/661.json,MATH,3,117,True,0.625,94,0.811965811965812,That's 9 days.,14,0.1341816535777844,,0.0291787372778696,0.1050029162999148,0.0610687022900763,0.0394791666666666,0.0215895356234096,0.0,0.0,0.2337916587064593,0.2337916587064593,0.1341816535777844,0.9375,0.9375,0,64,,,,result_consolidation
test/algebra/661.json#0,test/algebra/661.json,MATH,3,117,True,0.625,101,0.8717948717948718,"If February has 28 days, starting from day 3, she walks every 3 days:",69,0.0,0.0,0.0,0.0,0.0,0.0,0.0,0.0,0.0,-0.0,-0.0,0.0,1.0,1.0,26,38,,,,uncertainty_management
test/algebra/661.json#0,test/algebra/661.json,MATH,3,117,True,0.625,102,0.8803418803418803,"3,6,9,12,15,18,21,24,27.",24,0.0,,0.0,0.0,0.0,0.0,0.0,0.0,0.0,-0.0,-0.0,0.0,1.0,1.0,0,64,,,,active_computation
test/algebra/661.json#0,test/algebra/661.json,MATH,3,117,True,0.625,103,0.8888888888888888,That's 9 days.,14,0.0,0.0,0.0,0.0,0.0,0.0,0.0,0.0,0.0,-0.0,-0.0,0.0,1.0,1.0,28,36,0.0,0.0,1.0,result_consolidation
test/algebra/661.json#0,test/algebra/661.json,MATH,3,117,True,0.625,104,0.8974358974358975,"If February has 29 days, same starting point:",45,0.0,0.0,0.0,0.0,0.0,0.0,0.0,0.0,0.0,-0.0,-0.0,,1.0,1.0,64,0,,,,uncertainty_management
test/algebra/661.json#0,test/algebra/661.json,MATH,3,117,True,0.625,113,0.9743589743589745,"So, 28 / 3 = 9.333, rounded down to 9 walks.",44,0.0,0.0,0.0,0.0,0.0,0.0,0.0,0.0,0.0,-0.0,-0.0,0.0,1.0,1.0,20,44,,,,active_computation
test/algebra/661.json#0,test/algebra/661.json,MATH,3,117,True,0.625,114,0.9829059829059827,"Yes, that seems consistent.",27,0.0,0.0,0.0,0.0,0.0,0.0,0.0,0.0,0.0,-0.0,-0.0,,1.0,1.0,64,0,0.0,0.0,1.0,self_checking
test/algebra/661.json#0,test/algebra/661.json,MATH,3,117,True,0.625,115,0.9914529914529916,"So, in conclusion, the fewest number of miles Suzanne can walk in February is 36 miles.",87,0.0,0.0,0.0,0.0,0.0,0.0,0.0,0.0,0.0,-0.0,-0.0,,1.0,1.0,64,0,,,,final_answer
test/algebra/661.json#0,test/algebra/661.json,MATH,3,117,True,0.625,116,1.0,"**Final Answer**
The fewest number of miles Suzanne can walk in February is \boxed{36}.",87,0.0,0.0,0.0,0.0,0.0,0.0,0.0,0.0,0.0,-0.0,-0.0,,1.0,1.0,64,0,0.0,0.0,1.0,final_answer
test/number_theory/516.json#0,test/number_theory/516.json,MATH,4,125,False,0.25,0,0.008,"Okay, so I have this binary number: 10101001110₂, and I need to convert it to base eight, which is octal.",105,0.1445368168817676,0.259023848055633,0.0303263147218852,0.1142105021598823,0.2442748091603053,0.0855729166666666,0.1587018924936386,-0.09375,0.09375,0.9895587983913944,0.65619279201862,0.1451448913143883,0.15625,0.0625,4,60,0.2750255440246472,0.25,0.1875,problem_setup
test/number_theory/516.json#0,test/number_theory/516.json,MATH,4,125,False,0.25,1,0.016,"Hmm, I remember that converting binary to octal can be done by grouping the binary digits into sets of three, starting from the right.",134,0.0032056659701159,0.0172391494154615,0.0284080761568014,0.0,0.0305343511450381,0.0722395833333333,0.0,0.0,0.0,0.65619279201862,0.7029189307735104,0.0374271819332437,0.0625,0.0625,36,28,0.092183643449234,0.0625,0.0,fact_retrieval
test/number_theory/516.json#0,test/number_theory/516.json,MATH,4,125,False,0.25,2,0.024,Each group of three bits corresponds to a single octal digit.,61,0.0616855746043333,0.0160710723053992,0.0308522174561321,0.0308333571482012,0.1526717557251908,0.0798958333333333,0.0727759223918574,-0.03125,0.03125,0.7029189307735104,0.7691267318040423,0.0727201300174999,0.0625,0.03125,8,56,0.0,0.0,0.0625,fact_retrieval
test/number_theory/516.json#0,test/number_theory/516.json,MATH,4,125,False,0.25,3,0.032,Let me see if I can recall how that works.,42,0.0654657983581747,0.0422926052150136,0.0291329579508016,0.036332840407373,0.1526717557251908,0.0759375,0.0767342557251908,0.0,0.0,0.7691267318040423,0.6150342641411843,0.2177787142095214,0.03125,0.03125,52,12,0.1138743311959291,0.1875,0.09375,uncertainty_management
test/number_theory/516.json#0,test/number_theory/516.json,MATH,4,125,False,0.25,17,0.144,"Wait, let me double-check that.",31,0.0466276554103067,0.0466276554103067,0.0139317119038324,0.0326959435064743,0.0615384615384615,0.0240625,0.0374759615384615,0.0625,0.0625,-0.0,0.2337916587064593,,0.0,0.0625,64,0,,,,self_checking
test/number_theory/516.json#0,test/number_theory/516.json,MATH,4,125,False,0.25,18,0.152,"Starting from the right, the first group is the last three digits: 110.",71,0.0104213368288177,0.060562054585006,0.0145014065155357,0.0,0.0307692307692307,0.0289583333333333,0.0018108974358974,-0.03125,0.03125,0.2337916587064593,0.1390607984547411,0.0076190490109576,0.0625,0.03125,36,28,0.0256318245759579,0.0625,0.09375,result_consolidation
test/number_theory/516.json#0,test/number_theory/516.json,MATH,4,125,False,0.25,19,0.16,"Then moving left, the next three are 001.",41,0.0086651202975724,0.0542770240359569,0.0156996433205821,0.0,0.0307692307692307,0.0284895833333333,0.0022796474358974,0.03125,0.03125,0.1390607984547411,0.2337916587064593,0.0079276758492585,0.03125,0.0625,2,62,,,,result_consolidation
test/number_theory/516.json#0,test/number_theory/516.json,MATH,4,125,False,0.25,20,0.168,"Then, the next three are 101.",29,0.0187646717117791,0.0059055451706402,0.0275799525140854,0.0,0.0305343511450381,0.0449479166666666,0.0,0.0,0.0,0.2337916587064593,0.3708023580894878,0.0173623189515176,0.0625,0.0625,10,54,0.0104213368288177,0.03125,0.03125,plan_generation
test/number_theory/516.json#0,test/number_theory/516.json,MATH,4,125,False,0.25,26,0.216,"So, to convert each group to decimal, I can calculate the value as (first bit * 4) + (second bit * 2) + (third bit * 1).",120,0.0771570247406433,0.0708439501726048,0.0151809013429005,0.0619761233977428,0.0923076923076923,0.0290625,0.0632451923076923,0.09375,0.09375,-0.0,0.3111291548118492,0.0372933470925491,0.0,0.09375,48,16,0.0,0.0,0.0,fact_retrieval
test/number_theory/516.json#0,test/number_theory/516.json,MATH,4,125,False,0.25,27,0.224,Let's do this for each group:,29,0.036025322248653,0.0045472566088322,0.0166520424034266,0.0193732798452264,0.0615384615384615,0.0336458333333333,0.0278926282051282,-0.0625,0.0625,0.3111291548118492,0.1390607984547411,0.1746851077006229,0.09375,0.03125,42,22,,,,plan_generation
test/number_theory/516.json#0,test/number_theory/516.json,MATH,4,125,False,0.25,28,0.232,1. First group: 010,19,0.0316142783057624,0.0316142783057624,0.0108357847146676,0.0207784935910947,0.0307692307692307,0.0168229166666666,0.0139463141025641,-0.03125,0.03125,0.1390607984547411,-0.0,,0.03125,0.0,64,0,0.0316142783057624,0.03125,0.0,problem_setup
test/number_theory/516.json#0,test/number_theory/516.json,MATH,4,125,False,0.25,29,0.24,- First bit: 0 * 4 = 0,22,0.0466276554103067,0.0435861311685814,0.014856733373095,0.0317709220372117,0.0615384615384615,0.0247916666666666,0.0367467948717948,0.0625,0.0625,-0.0,0.2337916587064593,0.0049531406119984,0.0,0.0625,54,10,,,,active_computation
test/number_theory/516.json#0,test/number_theory/516.json,MATH,4,125,False,0.25,40,0.328,- Second bit: 0 * 2 = 0,23,0.0316142783057624,,0.0100555951427108,0.0215586831630515,0.0307692307692307,0.0155729166666666,0.0151963141025641,-0.03125,0.03125,0.1390607984547411,-0.0,0.0316142783057624,0.03125,0.0,0,64,,,,problem_setup
test/number_theory/516.json#0,test/number_theory/516.json,MATH,4,125,False,0.25,41,0.336,- Third bit: 1 * 1 = 1,22,0.0188760779863443,,0.0102441464835649,0.0086319315027793,0.0307692307692307,0.0159895833333333,0.0147796474358974,0.03125,0.03125,-0.0,0.1390607984547411,0.0188760779863443,0.0,0.03125,0,64,,,,result_consolidation
test/number_theory/516.json#0,test/number_theory/516.json,MATH,4,125,False,0.25,42,0.344,- Total: 0 + 0 + 1 = 1,22,0.0,,0.0132831797349655,0.0,0.0,0.0228125,0.0,0.0,0.0,0.1390607984547411,0.1390607984547411,0.0,0.03125,0.03125,0,64,,,,result_consolidation
test/number_theory/516.json#0,test/number_theory/516.json,MATH,4,125,False,0.25,43,0.352,4. Fourth group: 110,20,0.0316142783057624,0.0316142783057624,0.0102103590379701,0.0214039192677922,0.0307692307692307,0.01640625,0.0143629807692307,-0.03125,0.03125,0.1390607984547411,-0.0,,0.03125,0.0,64,0,0.0,0.0,0.03125,result_consolidation
test/number_theory/516.json#0,test/number_theory/516.json,MATH,4,125,False,0.25,61,0.496,Calculating each position's value:,34,0.0188760779863443,0.0156797432595533,0.0105686384822056,0.0083074395041386,0.0307692307692307,0.0158333333333333,0.0149358974358974,0.03125,0.03125,-0.0,0.1390607984547411,0.0003718279736575,0.0,0.03125,50,14,0.0466276554103067,0.0625,0.0625,problem_setup
test/number_theory/516.json#0,test/number_theory/516.json,MATH,4,125,False,0.25,62,0.504,- Position 10: 1 * 2¹⁰ = 1024,29,0.0,0.1251388084316767,0.0144408649668277,0.0,0.0,0.02359375,0.0,0.0,0.0,0.1390607984547411,0.1390607984547411,1.995464400307589e-05,0.03125,0.03125,2,62,0.0316142783057624,0.03125,0.0,active_computation
test/number_theory/516.json#0,test/number_theory/516.json,MATH,4,125,False,0.25,63,0.512,- Position 9: 0 * 2⁹ = 0,24,0.0316142783057624,0.0,0.0115712276723972,0.0200430506333651,0.0307692307692307,0.01703125,0.0137379807692307,-0.03125,0.03125,0.1390607984547411,-0.0,0.043715210760756,0.03125,0.0,10,54,0.0,0.0,0.03125,problem_setup
test/number_theory/516.json#0,test/number_theory/516.json,MATH,4,125,False,0.25,64,0.52,- Position 8: 1 * 2⁸ = 256,26,0.0188760779863443,,0.0098719730103486,0.0090041049759956,0.0307692307692307,0.01578125,0.0149879807692307,0.03125,0.03125,-0.0,0.1390607984547411,0.0188760779863443,0.0,0.03125,0,64,,,,problem_setup
test/number_theory/516.json#0,test/number_theory/516.json,MATH,4,125,False,0.25,97,0.784,4: 0 * 16 = 0,13,0.0,,0.0,0.0,0.0,0.0,0.0,0.0,0.0,-0.0,-0.0,0.0,0.0,0.0,0,64,0.0188760779863443,0.03125,0.03125,result_consolidation
test/number_theory/516.json#0,test/number_theory/516.json,MATH,4,125,False,0.25,98,0.792,5: 0 * 32 = 0,13,0.0,,0.0,0.0,0.0,0.0,0.0,0.0,0.0,-0.0,-0.0,0.0,0.0,0.0,0,64,,,,result_consolidation
test/number_theory/516.json#0,test/number_theory/516.json,MATH,4,125,False,0.25,99,0.8,6: 1 * 64 = 64,14,0.0466276554103067,,0.0142563272632777,0.032371328147029,0.0615384615384615,0.0246354166666666,0.0369030448717948,0.0625,0.0625,-0.0,0.2337916587064593,0.0466276554103067,0.0,0.0625,0,64,,,,active_computation
test/number_theory/516.json#0,test/number_theory/516.json,MATH,4,125,False,0.25,100,0.808,7: 0 * 128 = 0,14,0.0058314375811487,,0.0161827648188914,0.0,0.0307692307692307,0.0366666666666666,0.0,0.03125,0.03125,0.2337916587064593,0.3111291548118492,0.0058314375811487,0.0625,0.09375,0,64,,,,result_consolidation
test/number_theory/516.json#0,test/number_theory/516.json,MATH,4,125,False,0.25,108,0.872,169 ÷ 8 = 21 remainder 1,24,0.1251794642688421,,0.0236433902889497,0.1015360739798923,0.0916030534351144,0.0346875,0.0569155534351144,-0.0625,0.0625,0.3708023580894878,-0.0,0.1251794642688421,0.0625,0.0,0,64,,,,active_computation
test/number_theory/516.json#0,test/number_theory/516.json,MATH,4,125,False,0.25,109,0.88,21 ÷ 8 = 2 remainder 5,22,0.0466276554103067,,0.0140990950122591,0.0325285603980476,0.0615384615384615,0.0235416666666666,0.0379967948717948,0.0625,0.0625,-0.0,0.2337916587064593,0.0466276554103067,0.0,0.0625,0,64,,,,result_consolidation
test/number_theory/516.json#0,test/number_theory/516.json,MATH,4,125,False,0.25,110,0.888,2 ÷ 8 = 0 remainder 2,21,0.0925259714266871,,0.0140887901739705,0.0784371812527166,0.0615384615384615,0.02390625,0.0376322115384615,-0.0625,0.0625,0.2337916587064593,-0.0,0.0925259714266871,0.0625,0.0,0,64,0.0925259714266871,0.0625,0.0,result_consolidation
test/number_theory/516.json#0,test/number_theory/516.json,MATH,4,125,False,0.25,111,0.896,"So, writing the remainders in reverse order: 2, 5, 1, 6.",56,0.0,0.0,0.0,0.0,0.0,0.0,0.0,0.0,0.0,-0.0,-0.0,0.0,0.0,0.0,56,8,,,,result_consolidation
test/number_theory/516.json#0,test/number_theory/516.json,MATH,4,125,False,0.25,121,0.976,5. Combine: 2516,16,0.0,0.0542770240359569,0.0172618958708052,0.0,0.0,0.0336458333333333,0.0,0.0,0.0,0.2337916587064593,0.2337916587064593,3.711919076126611e-05,0.0625,0.0625,2,62,,,,result_consolidation
test/number_theory/516.json#0,test/number_theory/516.json,MATH,4,125,False,0.25,122,0.984,This seems solid.,17,0.0058314375811487,0.0058314375811487,0.0132749007977851,0.0,0.0307692307692307,0.03515625,0.0,0.03125,0.03125,0.2337916587064593,0.3111291548118492,,0.0625,0.09375,64,0,0.0104213368288177,0.03125,0.03125,self_checking
test/number_theory/516.json#0,test/number_theory/516.json,MATH,4,125,False,0.25,123,0.992,I think I'm good here.,22,0.0755207926044533,0.0755207926044533,0.0246146109396384,0.0509061816648148,0.1526717557251908,0.06046875,0.0922030057251908,0.125,0.125,0.3111291548118492,0.6565276849329175,,0.09375,0.21875,64,0,,,,self_checking
test/number_theory/516.json#0,test/number_theory/516.json,MATH,4,125,False,0.25,124,1.0,"**Final Answer**
The binary number $10101001110_{2}$ is equal to \boxed{2516} in base eight.",92,0.595755193309345,1.5643735153461908,0.0262536702446523,0.5695015230646927,0.2442748091603053,0.0530208333333333,0.191253975826972,-0.21875,0.21875,0.6565276849329175,-0.0,0.0887866880409535,0.21875,0.0,28,36,0.2627908516617883,0.21875,0.03125,final_answer
test/intermediate_algebra/956.json#0,test/intermediate_algebra/956.json,MATH,5,213,True,0.75,0,0.0046948356807511,"Okay, so I have this polynomial \( x^3 - 3x^2 + 4x - 1 \) and I know it's a factor of another polynomial \( x^9 + px^6 + qx^3 + r \).",133,0.0316142783057624,0.1492092252962945,0.0112479241161673,0.0203663541895951,0.0307692307692307,0.0161458333333333,0.0146233974358974,0.03125,0.03125,0.1390607984547411,-0.0,0.0,0.96875,1.0,26,38,,,,problem_setup
test/intermediate_algebra/956.json#0,test/intermediate_algebra/956.json,MATH,5,213,True,0.75,1,0.0093896713615023,"I need to find the ordered triple \( (p, q, r) \).",50,0.0771570247406433,,0.0132396625769137,0.0639173621637296,0.0923076923076923,0.02734375,0.0649639423076923,-0.09375,0.09375,-0.0,0.3111291548118492,0.0771570247406433,1.0,0.90625,0,64,,,,plan_generation
test/intermediate_algebra/956.json#0,test/intermediate_algebra/956.json,MATH,5,213,True,0.75,2,0.0140845070422535,"Hmm, let me think about how to approach this.",45,0.0367717667715161,0.0005012906155607,0.0235028192234029,0.0132689475481131,0.0916030534351145,0.0513020833333333,0.0403009701017811,-0.09375,0.09375,0.3111291548118492,0.5670577918394442,0.0412287392694205,0.90625,0.8125,14,50,0.0,0.0,0.90625,plan_generation
test/intermediate_algebra/956.json#0,test/intermediate_algebra/956.json,MATH,5,213,True,0.75,3,0.0187793427230046,"First, if \( x^3 - 3x^2 + 4x - 1 \) is a factor of \( x^9 + px^6 + qx^3 + r \), then the roots of the cubic polynomial must also be roots of the ninth-degree polynomial.",169,0.0515709760339363,0.0783433417645904,0.0267306543541433,0.0248403216797929,0.0916030534351145,0.0580208333333333,0.0335822201017811,0.09375,0.09375,0.5670577918394442,0.3111291548118492,0.0669290007108942,0.8125,0.90625,18,46,,,,fact_retrieval
test/intermediate_algebra/956.json#0,test/intermediate_algebra/956.json,MATH,5,213,True,0.75,24,0.1173708920187793,\( (-4x)^2 = 16x^2 \),21,0.0427397912462428,,0.0269688789172174,0.0157709123290254,0.0610687022900763,0.0400520833333333,0.0210166189567429,0.0625,0.0625,0.3708023580894878,0.1390607984547411,0.0427397912462428,0.90625,0.96875,0,64,,,,active_computation
test/intermediate_algebra/956.json#0,test/intermediate_algebra/956.json,MATH,5,213,True,0.75,25,0.1220657276995305,\( 1^2 = 1 \),13,0.0475476693601052,0.034208346362916,0.0258642109514772,0.0216834584086279,0.0916030534351145,0.0429166666666666,0.0486863867684478,-0.09375,0.09375,0.1390607984547411,0.4470620543337879,0.0346756297497663,0.96875,0.875,14,50,,,,fact_retrieval
test/intermediate_algebra/956.json#0,test/intermediate_algebra/956.json,MATH,5,213,True,0.75,26,0.1267605633802817,"Now, cross terms:",17,0.0843173658875441,,0.0364174953400826,0.0478998705474615,0.0909090909090908,0.053125,0.0377840909090908,0.0625,0.0625,0.4470620543337879,0.2771133574914559,0.0843173658875441,0.875,0.9375,0,64,,,,plan_generation
test/intermediate_algebra/956.json#0,test/intermediate_algebra/956.json,MATH,5,213,True,0.75,27,0.1314553990610328,\( 2*(3x^2)*(-4x) = -24x^3 \),29,0.0473527812871818,,0.0361940676179434,0.0111587136692383,0.0909090909090908,0.05703125,0.0338778409090908,-0.09375,0.09375,0.2771133574914559,0.5818786450459387,0.0473527812871818,0.9375,0.84375,0,64,,,,active_computation
test/intermediate_algebra/956.json#0,test/intermediate_algebra/956.json,MATH,5,213,True,0.75,59,0.2816901408450704,"Then, \( x^2 \) terms: \( 45x^2 + 22x^2 = 67x^2 \)",50,0.0491431423644,0.0491431423644,0.020196308310078,0.0289468340543219,0.0305343511450381,0.0276041666666666,0.0029301844783715,0.0,0.0,0.1390607984547411,0.1390607984547411,,0.96875,0.96875,64,0,,,,plan_generation
test/intermediate_algebra/956.json#0,test/intermediate_algebra/956.json,MATH,5,213,True,0.75,60,0.2863849765258216,"Next, \( x \) terms: \( -99x - 8x = -107x \)",44,0.0316142783057624,0.0,0.010195367077273,0.0214189112284893,0.0307692307692307,0.0163020833333333,0.0144671474358974,0.03125,0.03125,0.1390607984547411,-0.0,0.0684518790548955,0.96875,1.0,22,42,,,,result_consolidation
test/intermediate_algebra/956.json#0,test/intermediate_algebra/956.json,MATH,5,213,True,0.75,61,0.2910798122065727,Constants: \( 27 + 1 = 28 \),28,0.0384728546244877,,0.021059907957558,0.0174129466669297,0.0610687022900763,0.0286458333333333,0.032422868956743,-0.0625,0.0625,-0.0,0.2771133574914559,0.0384728546244877,1.0,0.9375,0,64,,,,result_consolidation
test/intermediate_algebra/956.json#0,test/intermediate_algebra/956.json,MATH,5,213,True,0.75,62,0.2957746478873239,"So, \( x^6 = -24x^3 + 67x^2 - 107x + 28 \).",43,0.0637231619372851,0.0,0.0211781729184138,0.0425449890188712,0.0610687022900763,0.0277604166666666,0.0333082856234096,0.0625,0.0625,0.2771133574914559,-0.0,0.0770128738870625,0.9375,1.0,6,58,,,,result_consolidation
test/intermediate_algebra/956.json#0,test/intermediate_algebra/956.json,MATH,5,213,True,0.75,97,0.460093896713615,\( 4 * (-4x) = -16x \),22,0.0,,0.0,0.0,0.0,0.0,0.0,0.0,0.0,-0.0,-0.0,0.0,1.0,1.0,0,64,,,,active_computation
test/intermediate_algebra/956.json#0,test/intermediate_algebra/956.json,MATH,5,213,True,0.75,98,0.4647887323943662,\( 4 * 1 = 4 \),15,0.0466276554103067,0.0015495256969095,0.0144754052765403,0.0321522501337664,0.0615384615384615,0.0236458333333333,0.0378926282051282,-0.0625,0.0625,-0.0,0.2337916587064593,0.04425939929553,1.0,0.9375,8,56,,,,active_computation
test/intermediate_algebra/956.json#0,test/intermediate_algebra/956.json,MATH,5,213,True,0.75,99,0.4694835680751174,"Now, let's write down all these terms:",38,0.0187646717117791,0.01774489572024,0.025771465528252,0.0,0.0305343511450381,0.0444791666666666,0.0,-0.03125,0.03125,0.2337916587064593,0.3708023580894879,0.0179130164678347,0.9375,0.90625,16,48,,,,result_consolidation
test/intermediate_algebra/956.json#0,test/intermediate_algebra/956.json,MATH,5,213,True,0.75,100,0.4741784037558685,-15x^4 + 20x^3 - 5x^2 -33x^3 +44x^2 -11x +12x^2 -16x +4,55,0.1251794642688421,0.1329983976550999,0.0238847578944509,0.1012947063743911,0.0916030534351144,0.0344791666666666,0.0571238867684478,0.09375,0.09375,0.3708023580894879,-0.0,0.228636755301868,0.90625,1.0,28,36,,,,active_computation
test/intermediate_algebra/956.json#0,test/intermediate_algebra/956.json,MATH,5,213,True,0.75,107,0.5070422535211268,"Next, x terms:",14,0.109611986190058,,0.0169363507098862,0.0926756354801718,0.123076923076923,0.0346354166666666,0.0884415064102564,-0.125,0.125,-0.0,0.3767701612564367,0.109611986190058,1.0,0.875,0,64,0.0,0.0,1.0,result_consolidation
test/intermediate_algebra/956.json#0,test/intermediate_algebra/956.json,MATH,5,213,True,0.75,108,0.5117370892018779,"-11x -16x = -27x

Constants:

+4",32,0.255389605158317,,0.0158557180243531,0.2395338871339638,0.123076923076923,0.0347395833333333,0.0883373397435897,0.125,0.125,0.3767701612564367,-0.0,0.255389605158317,0.875,1.0,0,64,,,,active_computation
test/intermediate_algebra/956.json#0,test/intermediate_algebra/956.json,MATH,5,213,True,0.75,109,0.5164319248826291,"So, putting it all together:",28,0.0466276554103067,0.0049531406119984,0.0152984677001853,0.0313291877101214,0.0615384615384615,0.0240625,0.0374759615384615,-0.0625,0.0625,-0.0,0.2337916587064593,0.0435861311685814,1.0,0.9375,10,54,0.0466276554103067,0.0625,0.9375,result_consolidation
test/intermediate_algebra/956.json#0,test/intermediate_algebra/956.json,MATH,5,213,True,0.75,110,0.5211267605633803,\( x^9 = -15x^4 -13x^3 +51x^2 -27x +4 \),40,0.0925259714266871,,0.0136941508896068,0.0788318205370802,0.0615384615384615,0.0230729166666666,0.0384655448717948,0.0625,0.0625,0.2337916587064593,-0.0,0.0925259714266871,0.9375,1.0,0,64,0.0925259714266871,0.0625,1.0,result_consolidation
test/intermediate_algebra/956.json#0,test/intermediate_algebra/956.json,MATH,5,213,True,0.75,141,0.6666666666666666,- \( x^3 = 3x^2 -4x +1 \),25,0.0,0.0,0.0,0.0,0.0,0.0,0.0,0.0,0.0,-0.0,-0.0,,1.0,1.0,64,0,,,,result_consolidation
test/intermediate_algebra/956.json#0,test/intermediate_algebra/956.json,MATH,5,213,True,0.75,142,0.6713615023474179,"Now, the original equation is \( x^9 + p x^6 + q x^3 + r = 0 \).",64,0.0,0.0,0.0,0.0,0.0,0.0,0.0,0.0,0.0,-0.0,-0.0,,1.0,1.0,64,0,,,,problem_setup
test/intermediate_algebra/956.json#0,test/intermediate_algebra/956.json,MATH,5,213,True,0.75,143,0.676056338028169,"Since \( \alpha \) is a root, substituting \( \alpha \) into this equation should yield zero.",93,0.0,0.0,0.0,0.0,0.0,0.0,0.0,0.0,0.0,-0.0,-0.0,0.0,1.0,1.0,52,12,,,,fact_retrieval
test/intermediate_algebra/956.json#0,test/intermediate_algebra/956.json,MATH,5,213,True,0.75,144,0.6807511737089202,"So, substitute each expression:",31,0.0,0.0,0.0,0.0,0.0,0.0,0.0,0.0,0.0,-0.0,-0.0,0.0,1.0,1.0,46,18,,,,plan_generation
test/intermediate_algebra/956.json#0,test/intermediate_algebra/956.json,MATH,5,213,True,0.75,183,0.863849765258216,"-55p +33q +55p +20q = 693 + 950

Which is:

53q = 1643",54,0.0,,0.0,0.0,0.0,0.0,0.0,0.0,0.0,-0.0,-0.0,0.0,1.0,1.0,0,64,,,,active_computation
test/intermediate_algebra/956.json#0,test/intermediate_algebra/956.json,MATH,5,213,True,0.75,184,0.8685446009389671,"So, q = 1643 / 53",17,0.0,0.0,0.0,0.0,0.0,0.0,0.0,0.0,0.0,-0.0,-0.0,0.0,1.0,1.0,6,58,,,,final_answer
test/intermediate_algebra/956.json#0,test/intermediate_algebra/956.json,MATH,5,213,True,0.75,185,0.8732394366197183,Let me compute that:,20,0.0,0.0,0.0,0.0,0.0,0.0,0.0,0.0,0.0,-0.0,-0.0,0.0,1.0,1.0,22,42,,,,active_computation
test/intermediate_algebra/956.json#0,test/intermediate_algebra/956.json,MATH,5,213,True,0.75,186,0.8779342723004695,53*30 = 1590,12,0.0,0.0,0.0,0.0,0.0,0.0,0.0,0.0,0.0,-0.0,-0.0,0.0,1.0,1.0,60,4,,,,active_computation
test/intermediate_algebra/956.json#0,test/intermediate_algebra/956.json,MATH,5,213,True,0.75,209,0.9859154929577464,"Equation C:4*6 +31 +r=24+31=55, so 55 +r=54 => r=-1, which is correct.",70,0.0,0.0,0.0,0.0,0.0,0.0,0.0,0.0,0.0,-0.0,-0.0,,1.0,1.0,64,0,,,,result_consolidation
test/intermediate_algebra/956.json#0,test/intermediate_algebra/956.json,MATH,5,213,True,0.75,210,0.9906103286384976,"So, yes, the values are p=6, q=31, r=-1.",40,0.0,0.0,0.0,0.0,0.0,0.0,0.0,0.0,0.0,-0.0,-0.0,0.0,1.0,1.0,62,2,0.0188760779863443,0.03125,0.96875,final_answer
test/intermediate_algebra/956.json#0,test/intermediate_algebra/956.json,MATH,5,213,True,0.75,211,0.9953051643192488,"Therefore, the ordered triple is (6,31,-1).",43,0.0,,0.0,0.0,0.0,0.0,0.0,0.0,0.0,-0.0,-0.0,0.0,1.0,1.0,0,64,0.0,0.0,1.0,final_answer
test/intermediate_algebra/956.json#0,test/intermediate_algebra/956.json,MATH,5,213,True,0.75,212,1.0,"**Final Answer**
The ordered triple is \boxed{(6, 31, -1)}.",59,0.0,0.0,0.0,0.0,0.0,0.0,0.0,0.0,0.0,-0.0,-0.0,0.0,1.0,1.0,32,32,0.0188760779863443,0.03125,0.96875,final_answer
test/intermediate_algebra/1197.json#0,test/intermediate_algebra/1197.json,MATH,5,160,False,0.625,0,0.00625,"Alright, so I have this problem here where I need to find p(8) for a polynomial p(x) of degree 5.",97,0.3662022183525989,0.6104541944368023,0.0744347768932374,0.2917674414593614,0.3555555555555555,0.1330729166666666,0.2224826388888888,0.34375,0.34375,1.495585186922232,1.118937474544687,0.3704737747181161,0.21875,0.5625,4,60,,,,problem_setup
test/intermediate_algebra/1197.json#0,test/intermediate_algebra/1197.json,MATH,5,160,False,0.625,1,0.0125,"The polynomial satisfies p(n) = n / (n² - 1) for n = 2, 3, 4, ..., 7.",69,0.1406403121512991,0.2877808410127125,0.0668525065263469,0.0737878056249522,0.208955223880597,0.1210416666666666,0.0879135572139303,-0.125,0.125,1.118937474544687,1.1661427425616664,0.1345047671901464,0.5625,0.4375,22,42,,,,fact_retrieval
test/intermediate_algebra/1197.json#0,test/intermediate_algebra/1197.json,MATH,5,160,False,0.625,2,0.01875,"Hmm, okay, so p(x) is a degree 5 polynomial that passes through these six points.",81,0.1500853849506639,0.1500853849506639,0.0562328817708792,0.0938525031797846,0.1804511278195488,0.1145833333333333,0.0658677944862155,0.03125,0.03125,1.1661427425616664,1.199091359391997,,0.4375,0.46875,64,0,0.1695865374129354,0.1875,0.40625,problem_setup
test/intermediate_algebra/1197.json#0,test/intermediate_algebra/1197.json,MATH,5,160,False,0.625,3,0.025,"First, let me write down what I know.",37,0.0878969826550899,0.0878969826550899,0.0660806024107309,0.0218163802443589,0.1791044776119403,0.1270833333333333,0.0520211442786069,-0.09375,0.09375,1.199091359391997,1.3185984375204909,,0.46875,0.375,64,0,,,,plan_generation
test/intermediate_algebra/1197.json#0,test/intermediate_algebra/1197.json,MATH,5,160,False,0.625,18,0.11875,"Wait, is that right?",20,0.2191637430032627,0.3793894006364497,0.0686802687236173,0.1504834742796454,0.1492537313432835,0.12953125,0.0197224813432835,0.0,0.0,1.247586339578263,1.2944776821486284,0.1839001242152144,0.375,0.375,38,26,,,,uncertainty_management
test/intermediate_algebra/1197.json#0,test/intermediate_algebra/1197.json,MATH,5,160,False,0.625,19,0.125,Let me check: 1/(n - 1) + 1/(n + 1) = (n + 1 + n - 1) / [(n - 1)(n + 1)] = (2n) / (n² - 1).,91,0.2131248716561545,0.2131248716561545,0.0723096466657367,0.1408152249904178,0.2666666666666666,0.1298958333333333,0.1367708333333332,-0.1875,0.1875,1.2944776821486284,1.198968568183752,,0.375,0.1875,64,0,,,,self_checking
test/intermediate_algebra/1197.json#0,test/intermediate_algebra/1197.json,MATH,5,160,False,0.625,20,0.13125,"Oh, wait, that's 2n / (n² - 1), which is twice what we have.",60,0.2383057853018802,0.449041531671522,0.0742383849024262,0.164067400399454,0.2962962962962963,0.1336458333333333,0.1626504629629629,0.125,0.125,1.198968568183752,1.459868491688124,0.1507937226017454,0.1875,0.3125,32,32,,,,self_checking
test/intermediate_algebra/1197.json#0,test/intermediate_algebra/1197.json,MATH,5,160,False,0.625,21,0.1375,"So, actually, p(n) = (1/2) [1/(n - 1) + 1/(n + 1)].",51,0.1087149920621632,0.551245664487285,0.0878789465623234,0.0208360454998397,0.1176470588235294,0.1480208333333333,0.0,0.0625,0.0625,1.459868491688124,1.3854474215337431,0.0846685109192872,0.3125,0.375,14,50,,,,result_consolidation
test/intermediate_algebra/1197.json#0,test/intermediate_algebra/1197.json,MATH,5,160,False,0.625,44,0.28125,"Wait, no. Wait, (x - 2)...(x - 7) is degree 6, so q(x) is equal to k times that.",80,0.1744854891500017,0.2488729874430914,0.078968593882833,0.0955168952671686,0.2074074074074074,0.1365625,0.0708449074074074,-0.09375,0.09375,1.4165467929031272,1.3960661113334556,0.2121077486044361,0.46875,0.375,38,26,,,,plan_generation
test/intermediate_algebra/1197.json#0,test/intermediate_algebra/1197.json,MATH,5,160,False,0.625,45,0.2875,"But q(x) is degree 7, so k must be a linear polynomial?",55,0.3038425152654293,0.7608100859646699,0.0699569970638882,0.233885518201541,0.2686567164179105,0.12890625,0.1397504664179105,0.15625,0.15625,1.3960661113334556,1.1883498783840394,0.3274932254787603,0.375,0.53125,16,48,,,,plan_generation
test/intermediate_algebra/1197.json#0,test/intermediate_algebra/1197.json,MATH,5,160,False,0.625,46,0.29375,"Hmm, wait, no. Wait, if q(x) is degree 7 and the product is degree 6, then k must be a linear term?",99,0.1269594517352842,0.1014478150811426,0.0728349184867635,0.0541245332485207,0.1481481481481481,0.1324479166666666,0.0157002314814814,-0.0625,0.0625,1.1883498783840394,1.4250023117952786,0.2684315189561732,0.53125,0.46875,56,8,,,,uncertainty_management
test/intermediate_algebra/1197.json#0,test/intermediate_algebra/1197.json,MATH,5,160,False,0.625,47,0.3,"Wait, no, actually, no. Wait, k is a constant, right?",53,0.1718846316357425,0.1970540319907483,0.069088918994006,0.1027957126417364,0.2074074074074074,0.11875,0.0886574074074074,0.1875,0.1875,1.4250023117952786,0.8803384787456418,0.3991163085625349,0.46875,0.65625,46,18,,,,uncertainty_management
test/intermediate_algebra/1197.json#0,test/intermediate_algebra/1197.json,MATH,5,160,False,0.625,72,0.45625,q(-1) = (-1 - 2)(-1 - 3)(-1 - 4)(-1 - 5)(-1 - 6)(-1 - 7)(-1 - a).,65,0.219568748012814,,0.0831265341153647,0.1364422138974492,0.2352941176470588,0.1138020833333333,0.1214920343137255,0.1875,0.1875,1.2141266325632254,0.7752107668722756,0.219568748012814,0.625,0.8125,0,64,,,,result_consolidation
test/intermediate_algebra/1197.json#0,test/intermediate_algebra/1197.json,MATH,5,160,False,0.625,73,0.4625,Calculating each term:,22,0.2364430928598971,0.3460389021506785,0.0732956508782939,0.1631474419816032,0.2666666666666666,0.1094791666666666,0.1571874999999999,-0.21875,0.21875,0.7752107668722756,1.1542931747146967,0.1831666322329194,0.8125,0.59375,30,34,,,,active_computation
test/intermediate_algebra/1197.json#0,test/intermediate_algebra/1197.json,MATH,5,160,False,0.625,74,0.46875,(-3)(-4)(-5)(-6)(-7)(-8)(-1 - a).,33,0.2097030396690954,,0.0953948346785421,0.1143082049905533,0.2058823529411765,0.1390104166666666,0.0668719362745098,0.0625,0.0625,1.1542931747146967,1.294481257903744,0.2097030396690954,0.59375,0.65625,0,64,,,,active_computation
test/intermediate_algebra/1197.json#0,test/intermediate_algebra/1197.json,MATH,5,160,False,0.625,75,0.475,"So, let's compute the product:",30,0.4251426763305588,0.5478795345829904,0.1289357928120434,0.2962068835185154,0.2571428571428572,0.1490104166666666,0.1081324404761905,0.09375,0.09375,1.294481257903744,0.995552132468774,0.3981387831299732,0.65625,0.75,34,30,,,,plan_generation
test/intermediate_algebra/1197.json#0,test/intermediate_algebra/1197.json,MATH,5,160,False,0.625,80,0.50625,-2520*(-8) = 20160,18,0.1418314237661543,,0.0600407381914807,0.0817906855746736,0.0895522388059701,0.07375,0.0158022388059701,0.0,0.0,0.5500569563964232,0.46341355882643,0.1418314237661543,0.875,0.875,0,64,0.1683371361967799,0.15625,0.8125,active_computation
test/intermediate_algebra/1197.json#0,test/intermediate_algebra/1197.json,MATH,5,160,False,0.625,81,0.5125,20160*(-1 - a) = -20160(1 + a).,31,0.1532925951589197,0.1077906289753039,0.0662176800214188,0.0870749151375008,0.2089552238805969,0.09625,0.1127052238805969,-0.1875,0.1875,0.46341355882643,1.0807140234059047,0.1367927755650477,0.875,0.6875,14,50,,,,active_computation
test/intermediate_algebra/1197.json#0,test/intermediate_algebra/1197.json,MATH,5,160,False,0.625,82,0.51875,"But we know q(-1) = 1, so:",26,0.0401898233483049,0.1930291808901283,0.0735513412825199,0.0,0.0597014925373134,0.1126041666666666,0.0,0.03125,0.03125,1.0807140234059047,0.9627879321903832,0.049649613463583,0.6875,0.71875,12,52,0.1296888422154032,0.09375,0.71875,result_consolidation
test/intermediate_algebra/1197.json#0,test/intermediate_algebra/1197.json,MATH,5,160,False,0.625,83,0.525,-20160(1 + a) = 1 => 1 + a = -1/20160 => a = -1 - 1/20160 = -20161/20160.,73,0.1715527406005056,,0.087572425185195,0.0839803154153106,0.1764705882352941,0.1268229166666666,0.0496476715686274,-0.125,0.125,0.9627879321903832,1.3196839842541923,0.1715527406005056,0.71875,0.59375,0,64,0.1517502286211081,0.1875,0.59375,active_computation
test/intermediate_algebra/1197.json#0,test/intermediate_algebra/1197.json,MATH,5,160,False,0.625,106,0.66875,- p(0) = 5040 k => k = -p(0)/5040.,34,0.2157604336994055,,0.0754572735084645,0.140303160190941,0.1777777777777778,0.1163020833333333,0.0614756944444444,-0.125,0.125,0.8305236914828463,1.0884914537784731,0.2157604336994055,0.3125,0.1875,0,64,,,,result_consolidation
test/intermediate_algebra/1197.json#0,test/intermediate_algebra/1197.json,MATH,5,160,False,0.625,107,0.675,But I don't know p(0).,22,0.1788570142607747,,0.076598609052485,0.1022584052082896,0.2074074074074074,0.1226041666666666,0.0848032407407407,0.09375,0.09375,1.0884914537784731,1.126013407469067,0.1788570142607747,0.1875,0.28125,0,64,,,,uncertainty_management
test/intermediate_algebra/1197.json#0,test/intermediate_algebra/1197.json,MATH,5,160,False,0.625,108,0.68125,"Hmm, maybe that's not helpful.",30,0.3110991594943027,0.1912099671769137,0.0632506852859908,0.2478484742083118,0.208955223880597,0.1109375,0.098017723880597,-0.0625,0.0625,1.126013407469067,0.9149763710100344,0.8643888230958696,0.28125,0.21875,50,14,,,,uncertainty_management
test/intermediate_algebra/1197.json#0,test/intermediate_algebra/1197.json,MATH,5,160,False,0.625,109,0.6875,"Wait, but p(x) is a degree 5 polynomial.",40,0.1784230217054571,0.1784230217054571,0.0703824539396651,0.108040567765792,0.1791044776119403,0.1188541666666666,0.0602503109452736,0.03125,0.03125,0.9149763710100344,1.1892562545320748,,0.21875,0.25,64,0,,,,fact_retrieval
test/intermediate_algebra/1197.json#0,test/intermediate_algebra/1197.json,MATH,5,160,False,0.625,136,0.85625,But we need to find p(8).,25,0.0637231619372851,0.2392021700069973,0.0230036033231081,0.0407195586141769,0.0610687022900763,0.0301041666666666,0.0309645356234096,-0.03125,0.03125,0.2771133574914559,-0.0,0.0,0.03125,0.0,30,34,,,,final_answer
test/intermediate_algebra/1197.json#0,test/intermediate_algebra/1197.json,MATH,5,160,False,0.625,137,0.8625,"So, plug x = 8 into this equation.",34,0.0466276554103067,,0.0139793695007175,0.0326482859095892,0.0615384615384615,0.0236458333333333,0.0378926282051282,0.0,0.0,-0.0,0.2337916587064593,0.0466276554103067,0.0,0.0,0,64,,,,plan_generation
test/intermediate_algebra/1197.json#0,test/intermediate_algebra/1197.json,MATH,5,160,False,0.625,138,0.86875,"First, compute the numerator at x = 8:",38,0.0925259714266871,0.0925259714266871,0.0110721082078866,0.0814538632188004,0.0615384615384615,0.0215625,0.0399759615384615,0.0,0.0,0.2337916587064593,-0.0,,0.0,0.0,64,0,,,,plan_generation
test/intermediate_algebra/1197.json#0,test/intermediate_algebra/1197.json,MATH,5,160,False,0.625,139,0.875,Numerator = 8 + (-1/720)(8 - 2)(8 - 3)...(8 - 7).,49,0.0,,0.0,0.0,0.0,0.0,0.0,0.0,0.0,-0.0,-0.0,0.0,0.0,0.0,0,64,,,,active_computation
test/intermediate_algebra/1197.json#0,test/intermediate_algebra/1197.json,MATH,5,160,False,0.625,156,0.98125,"So, p(8)=7/63=1/9.",18,0.0,0.0,0.0,0.0,0.0,0.0,0.0,0.0,0.0,-0.0,-0.0,0.0,0.0,0.0,20,44,,,,final_answer
test/intermediate_algebra/1197.json#0,test/intermediate_algebra/1197.json,MATH,5,160,False,0.625,157,0.9875,Seems correct.,14,0.0,,0.0,0.0,0.0,0.0,0.0,0.0,0.0,-0.0,-0.0,0.0,0.0,0.0,0,64,0.0,0.0,0.0,self_checking
test/intermediate_algebra/1197.json#0,test/intermediate_algebra/1197.json,MATH,5,160,False,0.625,158,0.99375,"Therefore, I think the answer is 1/9.",37,0.0,0.0,0.0,0.0,0.0,0.0,0.0,0.0,0.0,-0.0,-0.0,0.0,0.0,0.0,30,34,0.0,0.0,0.0,final_answer
test/intermediate_algebra/1197.json#0,test/intermediate_algebra/1197.json,MATH,5,160,False,0.625,159,1.0,"**Final Answer**
\boxed{\dfrac{1}{9}}",37,0.0,0.0,0.0,0.0,0.0,0.0,0.0,0.0,0.0,-0.0,-0.0,,0.0,0.0,64,0,0.0188760779863443,0.03125,0.0,final_answer
test/counting_and_probability/134.json#0,test/counting_and_probability/134.json,MATH,4,33,True,0.5,0,0.0303030303030303,"Okay, so I need to figure out how many ways 8 people can sit around a round table, but with the condition that Pierre, Rosa, and Thomas all want to sit together.",161,0.0918352885269403,0.0494465053930305,0.0280059950831563,0.0638292934437839,0.0610687022900763,0.08078125,0.0,0.03125,0.03125,0.8752589385161158,0.6853142072764582,0.1798239104846256,0.53125,0.5625,20,44,,,,problem_setup
test/counting_and_probability/134.json#0,test/counting_and_probability/134.json,MATH,4,33,True,0.5,1,0.0606060606060606,"Hmm, circular permutations can be a bit tricky, but I think I remember some basics.",83,0.0019463584816311,0.127039578776672,0.0156990916772184,0.0,0.0307692307692307,0.0713541666666666,0.0,0.03125,0.03125,0.6853142072764582,0.6754645824509031,0.0067534060863348,0.5625,0.59375,18,46,,,,fact_retrieval
test/counting_and_probability/134.json#0,test/counting_and_probability/134.json,MATH,4,33,True,0.5,2,0.0909090909090909,"First, when arranging people around a round table, the number of distinct arrangements is usually (n-1)!",104,0.0897813976836768,0.0784206031329999,0.0268519880258973,0.0629294096577794,0.1526717557251908,0.0754166666666666,0.0772550890585242,0.09375,0.09375,0.6754645824509031,0.7774621319109287,0.6262572895415156,0.59375,0.6875,62,2,0.0987106518884333,0.125,0.5,fact_retrieval
test/counting_and_probability/134.json#0,test/counting_and_probability/134.json,MATH,4,33,True,0.5,3,0.1212121212121212,where n is the number of people.,32,0.1376430762420146,0.0859857769115054,0.0467132254212136,0.0909298508208009,0.2121212121212121,0.1038541666666666,0.1082670454545454,-0.21875,0.21875,0.7774621319109287,1.2004978322698048,0.1428479483064514,0.6875,0.46875,28,36,0.0312451220519012,0.125,0.5625,fact_retrieval
test/counting_and_probability/134.json#0,test/counting_and_probability/134.json,MATH,4,33,True,0.5,4,0.1515151515151515,This is because rotations of the same arrangement are considered identical.,75,0.1133555563620734,0.0844489739242831,0.0444304573975631,0.0689250989645103,0.1515151515151515,0.1008333333333333,0.0506818181818181,0.09375,0.09375,1.2004978322698048,0.9080617953126336,0.188243186104172,0.46875,0.5625,18,46,,,,problem_setup
test/counting_and_probability/134.json#0,test/counting_and_probability/134.json,MATH,4,33,True,0.5,5,0.1818181818181818,"So, for 8 people, it would normally be 7!",41,0.1707052420875243,,0.0381221423138719,0.1325830997736524,0.2424242424242424,0.0847916666666666,0.1576325757575757,0.25,0.25,0.9080617953126336,0.482577565177012,0.1707052420875243,0.5625,0.8125,0,64,,,,plan_generation
test/counting_and_probability/134.json#0,test/counting_and_probability/134.json,MATH,4,33,True,0.5,6,0.2121212121212121,= 5040 ways.,12,0.0028283259250067,0.0183443521173432,0.0160133772408155,0.0,0.0307692307692307,0.0576041666666666,0.0,-0.03125,0.03125,0.482577565177012,0.5253213195155949,0.0002250988098329,0.8125,0.78125,16,48,0.4012316708143836,0.4375,0.375,final_answer
test/counting_and_probability/134.json#0,test/counting_and_probability/134.json,MATH,4,33,True,0.5,7,0.2424242424242424,"But since Pierre, Rosa, and Thomas want to sit together, I need to adjust for that.",83,0.2321574534827766,0.1756246690123696,0.0432720567281731,0.1888853967546035,0.2121212121212121,0.0884895833333333,0.1236316287878788,-0.09375,0.09375,0.5253213195155949,0.9613676168506275,0.212840626571687,0.78125,0.6875,16,48,0.1978154370203277,0.3125,0.46875,plan_generation
test/counting_and_probability/134.json#0,test/counting_and_probability/134.json,MATH,4,33,True,0.5,8,0.2727272727272727,"I think the way to handle this is to treat Pierre, Rosa, and Thomas as a single unit or ""block.""",96,0.1673276708658206,0.2441403603391844,0.0465864057065553,0.1207412651592653,0.0909090909090909,0.0927083333333333,0.0,0.09375,0.09375,0.9613676168506275,0.6747074674188231,0.1346264263764443,0.6875,0.78125,36,28,,,,plan_generation
test/counting_and_probability/134.json#0,test/counting_and_probability/134.json,MATH,4,33,True,0.5,9,0.303030303030303,"So, instead of thinking about arranging 8 individuals, I can think about arranging this block along with the other 5 people.",124,0.087606498016769,0.0992374644237188,0.030854103261865,0.056752394754904,0.1526717557251908,0.0793229166666666,0.0733488390585241,-0.09375,0.09375,0.6747074674188231,0.7774621319109288,0.092265488123794,0.78125,0.6875,36,28,0.1968975632085142,0.28125,0.53125,problem_setup
test/counting_and_probability/134.json#0,test/counting_and_probability/134.json,MATH,4,33,True,0.5,10,0.3333333333333333,That effectively reduces the problem to arranging 6 units around the table.,75,0.0,0.0250121637395705,0.0291031195450453,0.0,0.0,0.0794270833333333,0.0,0.0,0.0,0.7774621319109288,0.7774621319109288,0.0068081415448206,0.6875,0.6875,20,44,,,,problem_setup
test/counting_and_probability/134.json#0,test/counting_and_probability/134.json,MATH,4,33,True,0.5,13,0.4242424242424242,"Since there are 3 people, the number of ways to arrange them within the block is 3! = 6.",88,0.0271025504598104,0.0289250096539139,0.0302881086526218,0.0,0.0916030534351145,0.08,0.0116030534351145,0.0625,0.0625,0.8064769418829218,0.7731496325577546,0.0394575520557887,0.65625,0.71875,12,52,0.1028916915136542,0.09375,0.625,fact_retrieval
test/counting_and_probability/134.json#0,test/counting_and_probability/134.json,MATH,4,33,True,0.5,14,0.4545454545454545,"So, multiplying these together, the total number of arrangements should be 5! * 3!",82,0.041838590613738,0.0426925834579209,0.0331024174944468,0.0087361731192912,0.0610687022900763,0.0814583333333333,0.0,0.0,0.0,0.7731496325577546,0.6922390496806912,0.0561517868329607,0.71875,0.71875,44,20,0.0147190778995108,0.0625,0.6875,result_consolidation
test/counting_and_probability/134.json#0,test/counting_and_probability/134.json,MATH,4,33,True,0.5,15,0.4848484848484848,= 120 * 6 = 720.,16,0.0584978331956583,,0.0301847071319215,0.0283131260637368,0.1221374045801526,0.0695833333333333,0.0525540712468193,0.09375,0.09375,0.6922390496806912,0.6019239717322895,0.0584978331956583,0.71875,0.8125,0,64,,,,active_computation
test/counting_and_probability/134.json#0,test/counting_and_probability/134.json,MATH,4,33,True,0.5,16,0.5151515151515151,"But hold on, let me double-check that.",38,0.1473048359960147,0.1473048359960147,0.0265539947319568,0.1207508412640578,0.1526717557251908,0.06625,0.0864217557251908,-0.09375,0.09375,0.6019239717322895,0.5941300227248385,,0.8125,0.71875,64,0,0.0134726858769542,0.0625,0.75,self_checking
test/counting_and_probability/134.json#0,test/counting_and_probability/134.json,MATH,4,33,True,0.5,17,0.5454545454545454,Is there something I'm missing?,31,0.0520365838244316,0.0538769650616249,0.0277367512414602,0.0242998325829714,0.0610687022900763,0.0728125,0.0,0.0,0.0,0.5941300227248385,0.7431098912098039,0.0463831297289138,0.71875,0.71875,62,2,,,,uncertainty_management
test/counting_and_probability/134.json#0,test/counting_and_probability/134.json,MATH,4,33,True,0.5,18,0.5757575757575758,"For circular arrangements, sometimes fixing one position can help avoid counting rotations multiple times.",106,0.0923707327713103,0.121724776148524,0.0294420121621289,0.0629287206091814,0.0610687022900763,0.0726041666666666,0.0,0.0625,0.0625,0.7431098912098039,0.5253213195155949,0.0863617086523262,0.71875,0.78125,54,10,,,,fact_retrieval
test/counting_and_probability/134.json#0,test/counting_and_probability/134.json,MATH,4,33,True,0.5,19,0.6060606060606061,"In this case, when I treated Pierre, Rosa, and Thomas as a block, I considered the circular arrangement of 6 units.",115,0.256872380158762,0.2470911783645835,0.0308212928446472,0.2260510873141147,0.3358778625954198,0.0817708333333333,0.2541070292620864,-0.34375,0.34375,0.5253213195155949,0.9387548872637546,0.2373028886262529,0.78125,0.4375,62,2,,,,plan_generation
test/counting_and_probability/134.json#0,test/counting_and_probability/134.json,MATH,4,33,True,0.5,20,0.6363636363636364,"That part seems right because in circular permutations, fixing one position is equivalent to treating one unit as fixed, which avoids counting rotations.",153,0.2097351554399258,0.2097351554399258,0.0297369846636452,0.1799981707762805,0.3053435114503817,0.0836458333333333,0.2216976781170483,0.3125,0.3125,0.9387548872637546,0.6565276849329175,,0.4375,0.75,64,0,,,,fact_retrieval
test/counting_and_probability/134.json#0,test/counting_and_probability/134.json,MATH,4,33,True,0.5,21,0.6666666666666666,"Also, the multiplication by 3!",30,0.0510756937187547,0.0510756937187547,0.0303964054512728,0.0206792882674818,0.0916030534351145,0.0791666666666666,0.0124363867684478,-0.09375,0.09375,0.6565276849329175,0.8688134127978941,,0.75,0.65625,64,0,,,,plan_generation
test/counting_and_probability/134.json#0,test/counting_and_probability/134.json,MATH,4,33,True,0.5,22,0.696969696969697,"is correct because the order of Pierre, Rosa, and Thomas within their block matters.",84,0.2634162903486489,0.1391858236771828,0.0328151479474275,0.2306011424012213,0.1526717557251908,0.0803125,0.0723592557251908,0.15625,0.15625,0.8688134127978941,0.482577565177012,1.0079044841896982,0.65625,0.8125,52,12,,,,fact_retrieval
test/counting_and_probability/134.json#0,test/counting_and_probability/134.json,MATH,4,33,True,0.5,25,0.7878787878787878,for arranging the blocks around the table and 3!,48,0.2627908516617883,0.2348235114071098,0.0259812522157419,0.2368095994460463,0.2137404580152672,0.0538020833333333,0.1599383746819338,0.21875,0.21875,0.6565276849329175,0.1390607984547411,0.2840464568438097,0.75,0.96875,10,54,,,,result_consolidation
test/counting_and_probability/134.json#0,test/counting_and_probability/134.json,MATH,4,33,True,0.5,26,0.8181818181818182,"for arranging Pierre, Rosa, and Thomas within their block. 5! is 120, 3!",72,0.1626077660280063,0.2317754187550592,0.0252725372231407,0.1373352288048655,0.2137404580152672,0.0544270833333333,0.1593133746819338,-0.21875,0.21875,0.1390607984547411,0.6565276849329175,0.0123518496490529,0.96875,0.75,50,14,0.1626077660280063,0.21875,0.75,result_consolidation
test/counting_and_probability/134.json#0,test/counting_and_probability/134.json,MATH,4,33,True,0.5,27,0.8484848484848485,"is 6, so 120 * 6 = 720.",23,0.0356044325202198,,0.02435171074748,0.0112527217727397,0.0610687022900763,0.063125,0.0,0.0625,0.0625,0.6565276849329175,0.482577565177012,0.0356044325202198,0.75,0.8125,0,64,0.0025776630995583,0.03125,0.71875,active_computation
test/counting_and_probability/134.json#0,test/counting_and_probability/134.json,MATH,4,33,True,0.5,28,0.8787878787878788,That seems to check out.,24,0.0148590601695677,0.0148590601695677,0.0143326142319453,0.0005264459376224,0.0615384615384615,0.0508333333333333,0.0107051282051282,0.0625,0.0625,0.482577565177012,0.3767701612564367,,0.8125,0.875,64,0,0.0476320045762667,0.0625,0.78125,self_checking
test/counting_and_probability/134.json#0,test/counting_and_probability/134.json,MATH,4,33,True,0.5,29,0.9090909090909092,"I don't think I need to consider anything else, like reflections or anything, because the problem doesn't specify that arrangements that are mirror images are different.",169,0.0875208876885847,0.0300953575339999,0.0281614075011272,0.0593594801874575,0.0916030534351144,0.0514583333333333,0.0401447201017811,0.0625,0.0625,0.3767701612564367,0.2771133574914559,2.3759249164108023,0.875,0.9375,60,4,,,,uncertainty_management
test/counting_and_probability/134.json#0,test/counting_and_probability/134.json,MATH,4,33,True,0.5,30,0.9393939393939394,"It just says that rotations are considered the same, which is the standard for circular permutations.",101,0.0637231619372851,0.0541627760685594,0.0203403940192151,0.04338276791807,0.0610687022900763,0.02765625,0.0334124522900763,0.0625,0.0625,0.2771133574914559,-0.0,0.3048271289361786,0.9375,1.0,48,16,,,,fact_retrieval
test/counting_and_probability/134.json#0,test/counting_and_probability/134.json,MATH,4,33,True,0.5,31,0.9696969696969696,"Therefore, I think the answer is 720 ways.",42,0.0,0.0,0.0,0.0,0.0,0.0,0.0,0.0,0.0,-0.0,-0.0,0.0,1.0,1.0,52,12,,,,final_answer
test/counting_and_probability/134.json#0,test/counting_and_probability/134.json,MATH,4,33,True,0.5,32,1.0,"**Final Answer**
The number of ways is \boxed{720}.",51,0.0,0.0,0.0,0.0,0.0,0.0,0.0,0.0,0.0,-0.0,-0.0,,1.0,1.0,64,0,0.0670893136181284,0.09375,0.90625,final_answer
test/prealgebra/1646.json#0,test/prealgebra/1646.json,MATH,5,162,True,0.125,0,0.0061728395061728,"Alright, so I have this geometry problem here with quadrilateral ABCD.",70,0.0348782943336116,0.0802989550542906,0.0299256669057076,0.0049526274279039,0.0916030534351144,0.0841145833333333,0.0074884701017811,-0.09375,0.09375,0.8305236914828463,0.8688134127978941,0.0263274422205181,0.3125,0.21875,20,44,,,,problem_setup
test/prealgebra/1646.json#0,test/prealgebra/1646.json,MATH,5,162,True,0.125,1,0.0123456790123456,"The Asymptote code draws the quadrilateral with points A, B, C, D, and then two more points E and F inside.",107,0.0777102477911916,0.1571713718831139,0.040394523396553,0.0373157243946386,0.1818181818181818,0.0972395833333333,0.0845785984848484,0.125,0.125,0.8688134127978941,1.1205861971907978,0.0175793470221572,0.21875,0.34375,46,18,,,,problem_setup
test/prealgebra/1646.json#0,test/prealgebra/1646.json,MATH,5,162,True,0.125,2,0.0185185185185185,"It mentions that angles BAD and CDA are trisected, and I need to find the measure of angle AFD.",95,0.0558383914313619,0.031074425045241,0.0411704580088295,0.0146679334225324,0.1212121212121212,0.1034375,0.0177746212121212,0.125,0.125,1.1205861971907978,0.98103989942433,0.1494948584248096,0.34375,0.46875,28,36,0.1144787898965855,0.15625,0.21875,problem_setup
test/prealgebra/1646.json#0,test/prealgebra/1646.json,MATH,5,162,True,0.125,3,0.0246913580246913,"First, I should probably sketch a rough diagram based on the Asymptote code to visualize everything.",100,0.1269485156408905,0.1269485156408905,0.0481886118454757,0.0787599037954148,0.2105263157894736,0.1083854166666666,0.102140899122807,-0.21875,0.21875,0.98103989942433,1.2236262557796167,,0.46875,0.25,64,0,,,,plan_generation
test/prealgebra/1646.json#0,test/prealgebra/1646.json,MATH,5,162,True,0.125,18,0.1172839506172839,"These angles are trisected, so each trisection creates angles of equal measure.",79,0.2815764705782136,0.256851449017473,0.0729706511981594,0.2086058193800541,0.1481481481481481,0.11515625,0.0329918981481481,0.03125,0.03125,1.0288182505008343,0.8716546722250379,0.4799483432993368,0.1875,0.21875,46,18,,,,fact_retrieval
test/prealgebra/1646.json#0,test/prealgebra/1646.json,MATH,5,162,True,0.125,19,0.1234567901234567,"Given the Asymptote code, I can see that at point A, the angle BAD is being split into three equal parts by two lines: AF and AE.",129,0.1532558320352964,0.1532558320352964,0.0609675147829247,0.0922883172523716,0.2105263157894737,0.1090104166666666,0.101515899122807,0.09375,0.09375,0.8716546722250379,1.1865969049792104,,0.21875,0.3125,64,0,,,,problem_setup
test/prealgebra/1646.json#0,test/prealgebra/1646.json,MATH,5,162,True,0.125,20,0.1296296296296296,"Similarly, at point D, angle CDA is being split into three equal parts by DF and DE.",84,0.1810960835800525,,0.0642181023090207,0.1168779812710318,0.2388059701492537,0.1165625,0.1222434701492537,0.21875,0.21875,1.1865969049792104,1.0287513200993617,0.1810960835800525,0.3125,0.53125,0,64,,,,problem_setup
test/prealgebra/1646.json#0,test/prealgebra/1646.json,MATH,5,162,True,0.125,21,0.1358024691358024,"Wait, actually, looking at the code, AF and AE are drawn from A, and DF and DE are drawn from D. So, AF and AE are the trisectors of angle BAD, and DF and DE are the trisectors of angle CDA.",190,0.2788511569010874,0.3942369789599814,0.0669748245006458,0.2118763324004415,0.2666666666666666,0.1239583333333333,0.1427083333333333,-0.0625,0.0625,1.0287513200993617,1.2508091405072568,0.2873138494542337,0.53125,0.46875,40,24,,,,problem_setup
test/prealgebra/1646.json#0,test/prealgebra/1646.json,MATH,5,162,True,0.125,44,0.2777777777777778,"Vector FD is from F to D: (7 - 5, -2 - 3) = (2, -5).",52,0.0346423990668236,,0.0432323274874992,0.0,0.0909090909090909,0.0788020833333333,0.0121070075757575,-0.09375,0.09375,0.5115867519685875,0.7873991574359426,0.0346423990668236,0.84375,0.75,0,64,,,,problem_setup
test/prealgebra/1646.json#0,test/prealgebra/1646.json,MATH,5,162,True,0.125,45,0.2839506172839506,"Then, the angle between vectors FA and FD can be found using the dot product formula.",85,0.0243361828955681,0.0038676696192969,0.0467048573982158,0.0,0.0606060606060605,0.0878645833333333,0.0,0.03125,0.03125,0.7873991574359426,0.7613508649888163,0.075219321726088,0.75,0.78125,34,30,,,,plan_generation
test/prealgebra/1646.json#0,test/prealgebra/1646.json,MATH,5,162,True,0.125,46,0.2901234567901234,The formula for the angle θ between vectors u and v is:,55,0.052946145095614,0.086635206162603,0.046969967352433,0.0059761777431809,0.1212121212121212,0.0930729166666666,0.0281392045454545,-0.125,0.125,0.7613508649888163,0.9554568103678872,0.15498023654841,0.78125,0.65625,52,12,,,,fact_retrieval
test/prealgebra/1646.json#0,test/prealgebra/1646.json,MATH,5,162,True,0.125,47,0.2962962962962963,cosθ = (u • v) / (|u| |v|),26,0.2235187858637219,,0.0426244723116024,0.1808943135521195,0.2121212121212121,0.0809895833333333,0.1311316287878788,0.21875,0.21875,0.9554568103678872,0.46341355882643,0.2235187858637219,0.65625,0.875,0,64,,,,fact_retrieval
test/prealgebra/1646.json#0,test/prealgebra/1646.json,MATH,5,162,True,0.125,73,0.4567901234567901,But is 81 degrees an exact value?,33,0.0965160715022717,0.0609171314415142,0.0412656383270512,0.0552504331752204,0.0909090909090909,0.0752083333333333,0.0157007575757575,0.0,0.0,0.645245670517286,0.6019239717322895,0.2549857597120557,0.8125,0.8125,42,22,,,,uncertainty_management
test/prealgebra/1646.json#0,test/prealgebra/1646.json,MATH,5,162,True,0.125,74,0.4629629629629629,Or is there a way to compute it more precisely?,47,0.0401220691015989,0.0401220691015989,0.0308169693584707,0.0093050997431282,0.0916030534351144,0.0724479166666666,0.0191551367684478,-0.0625,0.0625,0.6019239717322895,0.7277259541583039,,0.8125,0.75,64,0,,,,uncertainty_management
test/prealgebra/1646.json#0,test/prealgebra/1646.json,MATH,5,162,True,0.125,75,0.4691358024691358,"Alternatively, maybe there's a geometric approach without using coordinates.",76,0.0420820444260834,0.0371238276663702,0.0403746377459765,0.0017074066801068,0.0909090909090908,0.08015625,0.0107528409090908,0.0625,0.0625,0.7277259541583039,0.6722158648096405,0.1917855959528873,0.75,0.8125,58,6,,,,plan_generation
test/prealgebra/1646.json#0,test/prealgebra/1646.json,MATH,5,162,True,0.125,76,0.4753086419753086,"Since the Asymptote code provided the figure, and angles are given, perhaps I can use the properties of angle trisection and triangle angle sums.",145,0.0481007756231158,0.0481007756231158,0.0493460042308302,0.0,0.0909090909090909,0.0708854166666666,0.0200236742424242,0.09375,0.09375,0.6722158648096405,0.4141240568744845,,0.8125,0.90625,64,0,,,,plan_generation
test/prealgebra/1646.json#0,test/prealgebra/1646.json,MATH,5,162,True,0.125,81,0.5061728395061729,"But to find angles at A and D, I might need more information about the sides or other angles.",93,0.2281222941040271,0.3914511690401757,0.0412048865120796,0.1869174075919474,0.1818181818181818,0.07421875,0.1075994318181818,0.1875,0.1875,0.8576298592201866,0.3111291548118492,0.1540847241758743,0.71875,0.90625,32,32,0.1520352296685713,0.15625,0.875,uncertainty_management
test/prealgebra/1646.json#0,test/prealgebra/1646.json,MATH,5,162,True,0.125,82,0.5123456790123457,"Alternatively, maybe using the Law of Sines or Cosines in triangle AFD.",71,0.1252568914090052,0.1362476227891689,0.0380923592828178,0.0871645321261873,0.1212121212121211,0.0627083333333333,0.0585037878787878,-0.0625,0.0625,0.3111291548118492,0.5818786450459386,0.1071811439273622,0.90625,0.84375,14,50,,,,plan_generation
test/prealgebra/1646.json#0,test/prealgebra/1646.json,MATH,5,162,True,0.125,83,0.5185185185185185,"Wait, but without knowing the lengths, it's difficult.",54,0.1663643283328172,0.1663643283328172,0.0448290983140415,0.1215352300187756,0.0909090909090908,0.0627604166666666,0.0281486742424242,0.09375,0.09375,0.5818786450459386,0.2771133574914559,,0.84375,0.9375,64,0,0.0688226366701444,0.09375,0.9375,uncertainty_management
test/prealgebra/1646.json#0,test/prealgebra/1646.json,MATH,5,162,True,0.125,84,0.5246913580246914,"But since we have coordinates, perhaps computing all sides.",59,0.1150065844521034,0.1153806823443007,0.0379497291981686,0.0770568552539348,0.1212121212121211,0.05703125,0.0641808712121211,-0.09375,0.09375,0.2771133574914559,0.538556946260942,0.0476123478925563,0.9375,0.84375,62,2,0.1218858091730792,0.15625,0.78125,plan_generation
test/prealgebra/1646.json#0,test/prealgebra/1646.json,MATH,5,162,True,0.125,107,0.6666666666666666,-10 = -2*sqrt(986)*cos(angle AFD),33,0.0573669613258604,,0.0426403788347683,0.0147265824910921,0.0909090909090908,0.0835416666666666,0.0073674242424242,0.09375,0.09375,0.8655258448206775,0.6019239717322894,0.0573669613258604,0.71875,0.8125,0,64,,,,problem_setup
test/prealgebra/1646.json#0,test/prealgebra/1646.json,MATH,5,162,True,0.125,108,0.6728395061728395,Divide both sides by -2*sqrt(986):,34,0.0399748504112553,,0.0425615575605902,0.0,0.0606060606060606,0.0744791666666666,0.0,0.03125,0.03125,0.6019239717322894,0.5982301495385807,0.0399748504112553,0.8125,0.84375,0,64,,,,plan_generation
test/prealgebra/1646.json#0,test/prealgebra/1646.json,MATH,5,162,True,0.125,109,0.6790123456790124,"(-10)/(-2*sqrt(986)) = cos(angle AFD)

Simplify:",48,0.0462075261249489,,0.0402404017901549,0.005967124334794,0.0606060606060605,0.0651041666666666,0.0,0.03125,0.03125,0.5982301495385807,0.4470620543337879,0.0462075261249489,0.84375,0.875,0,64,,,,active_computation
test/prealgebra/1646.json#0,test/prealgebra/1646.json,MATH,5,162,True,0.125,110,0.6851851851851852,5 / sqrt(986) = cos(angle AFD),30,0.2017370460366108,0.0,0.0242609201187776,0.1774761259178332,0.1221374045801526,0.0376041666666666,0.0845332379134859,0.125,0.125,0.4470620543337879,-0.0,0.3624561122293671,0.875,1.0,20,44,,,,active_computation
test/prealgebra/1646.json#0,test/prealgebra/1646.json,MATH,5,162,True,0.125,138,0.8580246913580247,"Wait, no. If angle BAD is 3x, and it's being trisected, then AF is the first trisector, so it makes an angle of x with AB.",122,0.0,0.0,0.0,0.0,0.0,0.0,0.0,0.0,0.0,-0.0,-0.0,0.0,1.0,1.0,34,30,,,,uncertainty_management
test/prealgebra/1646.json#0,test/prealgebra/1646.json,MATH,5,162,True,0.125,139,0.8641975308641975,"Similarly, the second trisector would make another x, totaling 2x from AB.",74,0.0,0.0,0.0,0.0,0.0,0.0,0.0,0.0,0.0,-0.0,-0.0,0.0,1.0,1.0,22,42,,,,plan_generation
test/prealgebra/1646.json#0,test/prealgebra/1646.json,MATH,5,162,True,0.125,140,0.8703703703703703,"Similarly, at point D, DF is a trisector, so it makes an angle of y with DC.",76,0.0,0.0,0.0,0.0,0.0,0.0,0.0,0.0,0.0,-0.0,-0.0,0.0,1.0,1.0,50,14,,,,plan_generation
test/prealgebra/1646.json#0,test/prealgebra/1646.json,MATH,5,162,True,0.125,141,0.8765432098765432,"Wait, maybe I need to think in terms of the angles in triangle AFD.",67,0.0,0.0,0.0,0.0,0.0,0.0,0.0,0.0,0.0,-0.0,-0.0,0.0,1.0,1.0,54,10,0.0,0.0,1.0,plan_generation
test/prealgebra/1646.json#0,test/prealgebra/1646.json,MATH,5,162,True,0.125,158,0.9814814814814816,"Therefore, my initial coordinate calculation gave me approximately 81 degrees, which is close to 80, probably due to rounding errors in the approximate cosine value.",165,0.0,0.0,0.0,0.0,0.0,0.0,0.0,0.0,0.0,-0.0,-0.0,0.0,1.0,1.0,24,40,,,,self_checking
test/prealgebra/1646.json#0,test/prealgebra/1646.json,MATH,5,162,True,0.125,159,0.9876543209876544,"Therefore, the exact measure of angle AFD is 80 degrees.",56,0.0,0.0,0.0,0.0,0.0,0.0,0.0,0.0,0.0,-0.0,-0.0,,1.0,1.0,64,0,0.0,0.0,1.0,final_answer
test/prealgebra/1646.json#0,test/prealgebra/1646.json,MATH,5,162,True,0.125,160,0.9938271604938272,"So, I think the answer is 80 degrees.",37,0.0,0.0,0.0,0.0,0.0,0.0,0.0,0.0,0.0,-0.0,-0.0,0.0,1.0,1.0,26,38,0.0,0.0,1.0,final_answer
test/prealgebra/1646.json#0,test/prealgebra/1646.json,MATH,5,162,True,0.125,161,1.0,"**Final Answer**
\boxed{80}",27,0.0,0.0,0.0,0.0,0.0,0.0,0.0,0.0,0.0,-0.0,-0.0,,1.0,1.0,64,0,0.0,0.0,1.0,final_answer
